gRNA_name,gRNA_sequence,gRNA_exon,cut_position,mock_A_log2FC,mock_B_log2FC,mock_C_log2FC,1_nira_A_log2FC,1_nira_B_log2FC,1_nira_C_log2FC,mock_mean_log2FC,1_nira_mean_log2FC
BRCA2_CDS_67,CTTCTGTTTTATACTTTAAC,10,795.0,,,,,,,,
BRCA2_CDS_69,ACAGGATTTGGAAAAACATC,10,806.0,,,,,,,,
BRCA2_CDS_70,CAGGATTTGGAAAAACATCA,10,807.0,,1.4434814772929943,,,,,1.4434814772929943,
BRCA2_CDS_71,AATAGCTGCAAAGACCACAT,10,845.0,,,,,,,,
BRCA2_CDS_72,TTGGCATTGACTTTCCAATG,10,,-1.1653637672576727,,-0.3153614242835203,,,,-0.7403625957705965,
BRCA2_CDS_73,ACTTCATCTTCTAGGACATT,10,,,-0.43098764062314693,3.006566670603842,,,,1.2877895149903476,
BRCA2_CDS_74,TTTCATATACTTCATCTTCT,10,875.0,-0.09136318581389564,-0.00903072740451249,0.7309322279904149,,,,0.21017943825733557,
BRCA2_CDS_76,AAGTAAGAACTAGCAAGACT,10,981.0,0.18973119156488927,0.8060515566777023,0.6280550473501123,,,,0.541279265197568,
BRCA2_CDS_77,ATTCATCAGCGTTTGCTTCA,10,1004.0,3.5191344070143984,1.0284439780141503,3.006566670603842,,,,2.518048351877464,
BRCA2_CDS_78,ATGAGTATTTTTCTTTCACT,10,1043.0,,,2.006566670603842,,,,2.006566670603842,
BRCA2_CDS_79,ATACTCATTTGTATCTGAAG,10,1069.0,,,,,,,,
BRCA2_CDS_80,TCTAATGGATCAGTATCATT,10,1083.0,,,,,,,,
BRCA2_CDS_81,TTTGCTACATTTGAATCTAA,10,1098.0,0.15656432762969,0.6708919733960667,0.8690631468539073,,,,0.5655064826265547,
BRCA2_CDS_82,TTGTCACTTCCACTCTCAAA,10,1128.0,1.1565643276296897,,-1.578395830117314,,,,-0.21091575124381212,
BRCA2_CDS_83,TTTGTCACTTCCACTCTCAA,10,1129.0,-0.04779417087649632,-0.8784466175943684,-1.4788601565663995,,,,-0.8017003150124213,
BRCA2_CDS_84,AATCAGAAGCCCTTTGAGAG,10,1130.0,2.1565643276296895,0.4434814772929943,,,,,1.300022902461342,
BRCA2_CDS_85,TGGAAGTGACAAAATCTCCA,10,1150.0,-0.1653637672576726,1.513870805184392,-0.3153614242835203,,,,0.3443818712143997,
BRCA2_CDS_86,CAAAGACGGTACAACTTCCT,10,1156.0,2.15656432762969,1.2812100483941171,1.0590340904979778,,-0.5383595569096451,,1.4989361555072616,-0.5383595569096451
BRCA2_CDS_87,CAAGGAAGTTGTACCGTCTT,10,1168.0,2.659064668158873,0.8060515566777023,-0.4788601565663998,,,,0.9954186894233917,
BRCA2_CDS_88,GACCATTCACAGGCCAAAGA,10,1170.0,,1.0284439780141503,,,,,1.0284439780141503,
BRCA2_CDS_89,TACCGTCTTTGGCCTGTGAA,10,1179.0,2.0570286540787754,-0.5565185227070057,0.006566670603842208,,,,0.5023589339918707,
BRCA2_CDS_90,GGTTAGTTGAGACCATTCAC,10,1180.0,-0.02563900359105916,-2.7959844574023953,-0.3470702840108583,,,,-1.056231248334771,
BRCA2_CDS_91,TGGTCTCAACTAACCCTTTC,10,1199.0,,1.3503720729015127,0.5915291713249984,,-0.9837707052320076,,0.9709506221132556,-0.9837707052320076
BRCA2_CDS_93,GGGCTCCATTTAGACCTGAA,10,1202.0,1.6419911547999317,,3.591529171324998,,,,2.616760163062465,
BRCA2_CDS_94,CTAACCCTTTCAGGTCTAAA,10,1208.0,-0.01336067381262265,0.6134064787353066,,,,,0.300022902461342,
BRCA2_CDS_95,AGGTCTAAATGGAGCCCAGA,10,1219.0,3.5350759508834195,1.1109061382061232,1.6586433671835352,,,,2.1015418187576924,
BRCA2_CDS_96,TAGGGGTATTTTCTCCATCT,10,1222.0,1.1565643276296897,,,,,,1.1565643276296897,
BRCA2_CDS_97,ATAGGGGTATTTTCTCCATC,10,1223.0,,2.0284439780141503,-0.3153614242835203,,,,0.856541276865315,
BRCA2_CDS_99,ACATGAAGAAATATGCAATA,10,1240.0,0.9435706042954916,-0.4496033187904939,0.2866745897965776,,,,0.2602139584338584,
BRCA2_CDS_100,CACATGAAGAAATATGCAAT,10,1241.0,,1.4434814772929943,0.421604169882686,,2.7531948889341984,,0.9325428235878401,2.7531948889341984
BRCA2_CDS_101,GGTCTTTTTCTGAAATATTT,10,1265.0,6.54888175040845,2.0284439780141503,3.4659982892411394,,,,4.014441339221246,
BRCA2_CDS_102,TTTTGTTCTCTGTGTCTAAT,10,1286.0,-0.7014166674978825,0.4434814772929943,,,,,-0.12896759510244407,
BRCA2_CDS_103,TTTGGTAGGCTAGAAATACG,10,1344.0,,,,,,,,
BRCA2_CDS_104,ATGGCTTCTCTGATTTTGGT,10,1358.0,1.1565643276296897,0.6134064787353066,1.5704675557971688,,,,1.113479454054055,
BRCA2_CDS_105,TTTAATGGCTTCTCTGATTT,10,1362.0,1.3789567489661376,0.2629092316511732,2.006566670603842,,,,1.2161442170737178,
BRCA2_CDS_106,ACCACTGTTTCCTCATTTAA,10,1377.0,0.30856742107473994,0.3654789652917212,0.8139215926614464,,,,0.4959893263426358,
BRCA2_CDS_107,ATCAGAGAAGCCATTAAATG,10,1378.0,1.9759920819878691,1.7654095721803564,2.8139215926614463,,,,2.185107748943224,
BRCA2_CDS_108,GCCATTAAATGAGGAAACAG,10,1387.0,-0.6507905944279142,,,,,,-0.6507905944279142,
BRCA2_CDS_109,CTGCATTCTTGCAGTAAAGC,10,1453.0,,-0.5565185227070057,1.4216041698826858,,,,0.43254282358784,
BRCA2_CDS_110,GCAGTAAAGCAGGCAATATC,10,1463.0,,,,,,,,
BRCA2_CDS_112,CCCTGAAATGAAGAAGCCAC,10,1482.0,0.6711375004594483,1.513870805184392,2.8810357885199833,,,,1.6886813647212744,
BRCA2_CDS_114,CCAGTGGCTTCTTCATTTCA,10,1493.0,1.1565643276296897,2.0284439780141503,0.421604169882686,,,,1.2022041585088419,
BRCA2_CDS_115,CTTGCATTGAAAGTCTCTTT,10,1539.0,,,0.421604169882686,,,,0.421604169882686,
BRCA2_CDS_116,ACTTTCAATGCAAGTTTTTC,10,1559.0,0.5716018269085338,,,,,,0.5716018269085338,
BRCA2_CDS_118,TATTTCCAGTCCACTTTCAG,10,1609.0,-1.4283981730914663,-0.7789109440434536,,,,,-1.10365455856746,
BRCA2_CDS_120,TGAAGCCTCTGAAAGTGGAC,10,1615.0,2.6971327089923927,1.7805164645705651,3.0940295118541816,,,,2.523892895139046,
BRCA2_CDS_121,ACATACTGTTTGCTCACAGA,10,1642.0,-0.6319315671765985,-1.0970869040697087,0.421604169882686,,,,-0.4358047671212071,
BRCA2_CDS_122,TACTGTTTGCTCACAGAAGG,10,1645.0,-0.24553411594165578,-1.4825179412632292,-2.1227163463411243,,,,-1.28358946784867,
BRCA2_CDS_123,ATCAATTAAATTTGGACATA,10,1660.0,,,,,,,,
BRCA2_CDS_124,CTTCCATTATCAATTAAATT,10,1668.0,,,-2.0808961706464975,,,,-2.0808961706464975,
BRCA2_CDS_125,TGTCCAAATTTAATTGATAA,10,1676.0,1.3789567489661378,1.0284439780141503,1.421604169882686,,,,1.2763349656209915,
BRCA2_CDS_126,ATTTAATTGATAATGGAAGC,10,1683.0,,,,,,,,
BRCA2_CDS_128,TACAGAATTCTGTGTGGTGG,10,1699.0,-0.650790594427914,-2.526144873663487,-1.1740055750379785,,,,-1.4503136810431263,
BRCA2_CDS_129,AGCTACAGAATTCTGTGTGG,10,1702.0,0.28209520971354857,0.4434814772929943,-0.8514143245237299,,,-0.25694299745867955,-0.04194587917239567,-0.25694299745867955
BRCA2_CDS_130,CAAAGCTACAGAATTCTGTG,10,1705.0,0.4561246094885978,-0.878446617594368,0.006566670603842208,,,,-0.13858511250064268,
BRCA2_CDS_131,TCTGTAGCTTTGAAGAATGC,10,1727.0,-0.14111622101099525,-0.8541990713476908,1.1764916720461545,,,,0.060392126562489455,
BRCA2_CDS_132,ATTTGTTTTCTTTTTCAAAG,10,1747.0,,,,,,,,
BRCA2_CDS_133,CATGATGAAACATCTTATAA,10,1799.0,0.7159917362437084,2.350372072901513,,,,,1.5331819045726107,
BRCA2_CDS_134,AGTTCTGATTTTTGGTCTTT,10,1821.0,3.741526828350846,1.0284439780141503,-1.9934333293961581,,,,0.9255124923229463,
BRCA2_CDS_135,AGTTAATTAGTTCTGATTTT,10,1829.0,0.24967373202117113,-0.40451542926195583,-2.578395830117314,,,1.2890939913541526,-0.9110791757860329,1.2890939913541526
BRCA2_CDS_136,AAAAGCATTTGCTTCAAACT,10,1858.0,,,,,,5.716515215088829,,5.716515215088829
BRCA2_CDS_137,CAAAAGCATTTGCTTCAAAC,10,1859.0,1.4195987334634834,2.4434814772929943,,,,,1.9315401053782388,
BRCA2_CDS_138,TCAGCATTTGCAAATGTAAG,10,1887.0,2.4195987334634834,0.8357989000717545,1.3544899740241492,,,,1.5366292025197958,
BRCA2_CDS_139,ACATTTGCAAATGCTGATTC,10,1904.0,0.8346362327423275,0.29147838384794417,-0.578395830117314,,,,0.1825729288243192,
BRCA2_CDS_140,CACTTTGTGTTTTTATGTTT,11,1912.0,0.7040521229321832,0.5747260105712467,-0.4382181720690536,,,,0.2801866538114588,
BRCA2_CDS_141,GAGCTAGTTAAGGACAAAGT,11,1968.0,0.7780527043759601,0.8060515566777023,2.006566670603842,,,,1.1968903105525015,
BRCA2_CDS_142,TGTCCCAAAAGAGCTAGTTA,11,1978.0,,,0.006566670603841889,,,,0.006566670603841889,
BRCA2_CDS_143,TTGTCCTTAACTAGCTCTTT,11,1985.0,0.41959873346348364,0.7654095721803565,2.006566670603842,,-0.5687332059531639,1.4311129962265803,1.0638583254158942,0.4311898951367082
BRCA2_CDS_144,TGTCCTTAACTAGCTCTTTT,11,1986.0,3.378956748966138,4.198368979456463,2.5370813873026217,,,,3.3714690385750736,
BRCA2_CDS_145,GCTCTTTTGGGACAATTCTG,11,1998.0,4.03103344554583,3.250836399350598,5.216020036232792,,-2.376088128010768,,4.165963293709741,-2.376088128010768
BRCA2_CDS_147,TAAAGAAGCAAAATGTAATA,11,2080.0,-2.0133606738126226,0.22108905595654635,0.006566670603841889,,,,-0.5952349824174115,
BRCA2_CDS_148,TGACAGAGAATCAGCTTCTG,11,2113.0,3.9639192496872937,,2.2289590919402897,,2.0162292947679923,,3.0964391708137917,2.0162292947679923
BRCA2_CDS_149,ATGACAGAGAATCAGCTTCT,11,2114.0,,3.4434814772929943,,,,,3.4434814772929943,
BRCA2_CDS_150,CATGACAGAGAATCAGCTTC,11,2115.0,1.1565643276296897,-0.6719957401269417,-0.8007882514537619,,,,-0.10540655465033795,
BRCA2_CDS_151,TGATTCTCTGTCATGCCTGC,11,2134.0,-0.366997628427323,-0.869676407966636,-1.9934333293961577,,,,-1.0767024552633722,
BRCA2_CDS_152,TCTCTGTCATGCCTGCAGGA,11,2138.0,0.5716018269085336,-1.141481023428162,,,-2.15369570667432,,-0.28493959825981424,-2.15369570667432
BRCA2_CDS_153,TTTCACACTGTCCTTCCTGC,11,2138.0,-1.3352887686999848,-1.3291080266039335,-3.14318044890084,,,,-1.935859081401586,
BRCA2_CDS_154,TCTGAAACTTTTTTGCTTTT,11,2166.0,,3.2508363993505984,4.328494765491205,,0.43126679404683604,,3.7896655824209016,0.43126679404683604
BRCA2_CDS_155,AGTTTCAGATATAAAAGAAG,11,2191.0,3.741526828350846,2.0284439780141503,0.421604169882686,,,,2.0638583254158944,
BRCA2_CDS_156,AGATATAAAAGAAGAGGTCT,11,2197.0,2.741526828350846,0.02844397801415039,1.0065666706038423,,,-0.5688870037734197,1.2588458256562796,-0.5688870037734197
BRCA2_CDS_157,CCACTTTTGAATGTTGTACT,11,2222.0,-2.4522449150458336,-1.8067451522401796,-1.4926659560914302,,,,-1.9172186744591475,
BRCA2_CDS_158,TCCACTTTTGAATGTTGTAC,11,2223.0,1.741526828350846,,-1.1633583308384703,,,,0.2890842487561879,
BRCA2_CDS_159,CCCAGTACAACATTCAAAAG,11,2233.0,0.4561246094885978,-2.059018863236189,-0.25646773522995164,,,,-0.619787329659181,
BRCA2_CDS_161,GATCATATAAAAGACTTTTC,11,2270.0,3.326489329072002,1.0284439780141503,3.591529171324998,,,,2.6488208261370505,
BRCA2_CDS_162,AGGAGTTAAAATAAGAGTGC,11,2302.0,,0.4434814772929943,,,,,0.4434814772929943,
BRCA2_CDS_163,GACAGAACATCCTTGGAAGT,11,2322.0,2.0310334455458308,0.8268101168444999,0.7721014169668194,,,,1.2099816597857167,
BRCA2_CDS_164,TATTTTAACTCCTACTTCCA,11,2323.0,-2.366997628427323,0.02844397801415039,-0.578395830117314,,-0.9837707052320076,,-0.9723164935101622,-0.9837707052320076
BRCA2_CDS_165,TAGGTTTGACAGAACATCCT,11,2329.0,-0.34593601289949355,-1.9257523323727248,-2.385750752174918,,,,-1.5524796991490455,
BRCA2_CDS_166,TGCCTCTAGAAATCATGACT,11,2348.0,1.1565643276296897,,1.1585697640488923,,,,1.157567045839291,
BRCA2_CDS_168,AAAATGTCAGACAAGCTCAA,11,2393.0,,,1.421604169882686,,,,1.421604169882686,
BRCA2_CDS_169,CTTTTCCATGGGAATATTTT,11,2434.0,0.28209520971354857,0.7329880944879792,0.6846385757164799,,,,0.5665739599726692,
BRCA2_CDS_170,ATTAACCAAAAATATTCCCA,11,2440.0,-1.4872918621450348,-1.293484116873212,,,,,-1.3903879895091236,
BRCA2_CDS_171,ACATCTTGATTCTTTTCCAT,11,2445.0,4.478492422517053,1.8764408845691005,0.421604169882686,,,,2.25884582565628,
BRCA2_CDS_172,TACATCTTGATTCTTTTCCA,11,2446.0,,0.4434814772929943,,,,,0.4434814772929943,
BRCA2_CDS_173,ACTCTCATGTATTTTTCAGG,11,2508.0,-0.6507905944279142,,,,,,-0.6507905944279142,
BRCA2_CDS_174,GCTACTCTCATGTATTTTTC,11,2511.0,-1.3028672910076076,,-1.2413608428397434,,,,-1.2721140669236755,
BRCA2_CDS_175,TTGAATTGTACCTTTCTTGA,11,2538.0,0.512708137854965,-1.0512832144565838,0.2252069570791825,,,,-0.10445603984081209,
BRCA2_CDS_176,AGTAGCATCACCTTCAAGAA,11,2539.0,,-1.141481023428162,,,,,-1.141481023428162,
BRCA2_CDS_177,TTACTCTTAGATTTGTGTTT,11,2561.0,-0.27227897117418426,-0.36387344476461003,0.1871389162456631,,-3.6980162228981306,,-0.1496711665643771,-3.6980162228981306
BRCA2_CDS_178,TAGTTTCTTCTTGATTTTTT,11,2585.0,,,,,,,,
BRCA2_CDS_179,GAGAAAAGTTCTTCAGAGTC,11,2634.0,,0.4434814772929943,2.006566670603842,,,,1.2250240739484182,
BRCA2_CDS_180,TATTCCTTTCATTAGCTACT,11,2681.0,-0.08047486967115958,-0.2934841168732121,0.2960732877988273,,,1.8461504955054242,-0.02596189958184812,1.8461504955054242
BRCA2_CDS_182,GAAAGGAATAATCTTGCTTT,11,2705.0,,,,,,,,
BRCA2_CDS_183,TCTTGCTTTAGGAAATACTA,11,2716.0,-0.12354359156304541,1.3763672814344572,-0.578395830117314,,,,0.22480928658469926,
BRCA2_CDS_184,ATGGTAGAGTTCTTGAAAAT,11,2763.0,-0.8434356723703103,,2.591529171324998,,,,0.874046749477344,
BRCA2_CDS_185,CATGGTAGAGTTCTTGAAAA,11,2764.0,1.7415268283508458,2.0284439780141503,,,,,1.884985403182498,
BRCA2_CDS_186,CATTTTCAAGAACTCTACCA,11,2776.0,1.1565643276296897,,,,,,1.1565643276296897,
BRCA2_CDS_187,TGTGTCTCCATATAAAACCA,11,2782.0,,,,,,,,
BRCA2_CDS_189,ATGGTTTTATATGGAGACAC,11,2795.0,,,2.006566670603842,,,,2.006566670603842,
BRCA2_CDS_190,ATCTTTTTTAATTGACACTT,11,2821.0,2.1565643276296895,2.4069556012678803,2.006566670603842,,,,2.190028866500471,
BRCA2_CDS_193,TTTGGTTTATGTTCTTGCAG,11,2854.0,-0.37068267523517884,-2.778910944043454,-0.5377538456199681,,-2.791125627289612,,-1.229115821632867,-2.791125627289612
BRCA2_CDS_194,CAGCATATAAAAATGACTCT,11,2897.0,,1.0284439780141503,,,,1.6941474020603742,1.0284439780141503,1.6941474020603742
BRCA2_CDS_195,TCTAGGTCAAGATTTAAAAT,11,2914.0,-0.1653637672576724,0.0898445226782938,-0.4528649480334552,,,,-0.17612806420427793,
BRCA2_CDS_196,TGGTATTTTATCTATATTCA,11,2932.0,,,,,,,,
BRCA2_CDS_197,ATGTAATCATTATTTTTTTC,11,2952.0,3.741526828350846,1.4434814772929943,,,2.0162292947679923,,2.5925041528219204,2.0162292947679923
BRCA2_CDS_198,ATAATGATTACATGAACAAA,11,2973.0,2.1565643276296895,1.706515883126788,0.421604169882686,,,,1.428228126879721,
BRCA2_CDS_199,TAATGATTACATGAACAAAT,11,2974.0,-0.8434356723703103,-2.4951179780428623,-0.8679024473122989,,-2.5073326612890203,,-1.402152032575157,-2.5073326612890203
BRCA2_CDS_200,GATTACATGAACAAATGGGC,11,2978.0,0.2690390568881026,1.2508363993505982,-1.578395830117314,,-1.568733205953164,,-0.01950679129287103,-1.568733205953164
BRCA2_CDS_202,CCAAAACTGTGATTTGAAAT,11,3000.0,1.4195987334634836,0.4434814772929943,,,,,0.931540105378239,
BRCA2_CDS_203,CCAATTTCAAATCACAGTTT,11,3011.0,-2.165363767257672,,-1.876076378757999,,,,-2.0207200730078356,
BRCA2_CDS_204,ATTTCAAATCACAGTTTTGG,11,3014.0,-0.6210432510338622,-0.5565185227070057,-1.2788355482584062,,,,-0.8187991073330915,
BRCA2_CDS_205,CTTCAGAACAGCTTCAAATA,11,3040.0,,,,,,,,
BRCA2_CDS_206,TCAACACAAGCTAAACTAGT,11,3120.0,-2.0133606738126226,,,,,,-2.0133606738126226,
BRCA2_CDS_207,TGTTGAAATTGTAAATACCT,11,3148.0,-4.382594483478342,-0.37365446555719534,-1.4308386417034562,,,,-2.062362530246331,
BRCA2_CDS_208,CTTTTGATTATCTAATGCCA,11,3154.0,2.15656432762969,-2.219483535429435,-1.9003239250046766,,,,-0.6544143776014738,
BRCA2_CDS_211,GCTTGGAAAATAACATCTGA,11,3266.0,-0.21266948203602928,0.6134064787353066,0.421604169882686,,,,0.2741137221939878,
BRCA2_CDS_212,TGCTTGGAAAATAACATCTG,11,3267.0,-1.4283981730914665,-1.4951179780428625,-0.578395830117314,,,,-1.1673039937505478,
BRCA2_CDS_213,TCAGATGTTATTTTCCAAGC,11,3280.0,3.3660176932586396,2.9253504850500467,3.7666158778830896,,-1.84175170035958,1.1493420278112008,3.3526613520639255,-0.34620483627418963
BRCA2_CDS_214,GTTTGAATTAAAATCCTGCT,11,3283.0,0.5716018269085338,,,,,,0.5716018269085338,
BRCA2_CDS_215,TTTGGCTAGGTGTTAAATTA,11,3305.0,,,-0.578395830117314,,,,-0.578395830117314,
BRCA2_CDS_216,GTAATTTCTGCCTTTTGGCT,11,3318.0,0.28209520971354857,0.8764408845691004,1.6846385757164797,,,,0.9477248899997095,
BRCA2_CDS_218,GTTCTGTAATTTCTGCCTTT,11,3323.0,2.5716018269085335,4.3503720729015125,,,11.176100631546381,6.442340251649835,3.460986949905023,8.809220441598107
BRCA2_CDS_219,TCTACTATATTAGAAGAATC,11,3359.0,-0.6507905944279142,1.706515883126788,4.006566670603842,,,,1.6874306531009051,
BRCA2_CDS_220,CTCTTCTGCAATATGTAGCT,11,3402.0,2.893529921795896,,1.0065666706038423,,,,1.9500482961998693,
BRCA2_CDS_221,AAGATAGTCATCTGGTTTTC,11,3438.0,-1.2357530951490705,-0.2934841168732121,-1.867902447312299,,,,-1.1323798864448607,
BRCA2_CDS_222,TGGTCTTTAAGATAGTCATC,11,3446.0,2.1565643276296895,2.8357989000717545,,,,,2.4961816138507222,
BRCA2_CDS_223,TATCTTAAAGACCACTTCTG,11,3466.0,0.8346362327423276,-0.6719957401269417,1.0065666706038423,,1.1231444986845043,,0.389735721073076,1.1231444986845043
BRCA2_CDS_224,ATCTCTGCATTCCTCAGAAG,11,3466.0,1.6971327089923924,3.9029130959302916,1.7435322647700482,,,,2.447859356564244,
BRCA2_CDS_225,GTCTACCTGACCAATCGATG,11,3514.0,-1.2357530951490703,,0.006566670603841889,,1.0162292947679925,,-0.6145932122726142,1.0162292947679925
BRCA2_CDS_226,ATAATGAATGCCCCATCGAT,11,3515.0,-0.6507905944279142,-3.3978207766879476,,,,,-2.024305685557931,
BRCA2_CDS_227,TGTCTACCTGACCAATCGAT,11,3515.0,-0.5983231745337786,-0.778910944043454,-0.578395830117314,,,1.4311129962265805,-0.6518766495648488,1.4311129962265805
BRCA2_CDS_228,CTGTCTACCTGACCAATCGA,11,3516.0,,,,,,,,
BRCA2_CDS_229,GAATGCCCCATCGATTGGTC,11,3520.0,1.7642469048509297,-0.6038242374853624,-0.22373094881795183,,,,0.31223057284920513,
BRCA2_CDS_230,GACAGCAGCAAGCAATTTGA,11,3545.0,-1.3028672910076076,0.4434814772929943,-0.9934333293961581,,,2.1860004983900487,-0.6176063810369238,2.1860004983900487
BRCA2_CDS_232,GAAATTAAACGGAAGTTTGC,11,3575.0,-2.0913631858138957,-0.9715560219858496,-0.10891054681609397,,,,-1.0572765848719465,
BRCA2_CDS_234,GACTGTAACAAAAGTGCTTC,11,3611.0,,,1.5915291713249982,,,,1.5915291713249982,
BRCA2_CDS_235,TTTAACAGATGAAAATGAAG,11,3637.0,-0.8434356723703103,3.350372072901513,,,,,1.2534682002656012,
BRCA2_CDS_237,TAACAGATGAAAATGAAGTG,11,3639.0,1.0570286540787754,-2.430987640623147,,,,,-0.6869794932721858,
BRCA2_CDS_238,ATGAAAATGAAGTGGGGTTT,11,3645.0,-1.1396771235940228,-0.7441455258827772,-0.512807488489737,,,,-0.7988767126555123,
BRCA2_CDS_239,TGAAAATGAAGTGGGGTTTA,11,3646.0,,,-0.16335833083847026,,,,-0.16335833083847026,
BRCA2_CDS_240,GAAAATGAAGTGGGGTTTAG,11,3647.0,1.8346362327423273,-0.14148102342816196,1.421604169882686,,,,1.0382531263989503,
BRCA2_CDS_241,AGGGGCTTTTATTCTGCTCA,11,3665.0,2.1565643276296895,1.6134064787353066,3.4659982892411394,,1.0162292947679925,2.3380035918350988,2.4119896985353786,1.6771164433015455
BRCA2_CDS_242,TGATATTGAGAATATTAGTG,11,3742.0,-1.4283981730914663,-2.7264435241493183,0.421604169882686,,,,-1.244412509119366,
BRCA2_CDS_244,TTACTTGAAGATAAACTTAT,11,3774.0,,-0.7789109440434536,,,,,-0.7789109440434536,
BRCA2_CDS_246,AATAATATTGAAATGACTAC,11,3902.0,-1.7014166674978823,-0.0870332394057857,-0.16335833083847026,,,,-0.6506027459140461,
BRCA2_CDS_247,TAAGTTATGAGAATTTCTAC,11,3985.0,0.5716018269085336,,,,,,0.5716018269085336,
BRCA2_CDS_248,TCTCATAACTTAGAATTTGA,11,4007.0,-0.5438753905114022,4.028443978014151,1.8139215926614463,,,,1.766163393388065,
BRCA2_CDS_249,TTGTATTCATAAAGATGAAA,11,4057.0,,,,,,,,
BRCA2_CDS_250,AACATATGTCTTAAATTATC,11,4103.0,,,,,,,,
BRCA2_CDS_251,TGTTTCCCTCCTTCATAAAC,11,4115.0,4.741526828350846,,1.0065666706038419,,,,2.874046749477344,
BRCA2_CDS_252,ATTATCTGGCCAGTTTATGA,11,4117.0,0.11703596344305257,-1.1865689129566999,-0.8212523540134774,,0.8012164037971423,,-0.6302617678423749,0.8012164037971423
BRCA2_CDS_253,ATCTGGCCAGTTTATGAAGG,11,4120.0,,,-1.1633583308384703,,,,-1.1633583308384703,
BRCA2_CDS_254,TCTGGCCAGTTTATGAAGGA,11,4121.0,,0.02844397801415039,,,,,0.02844397801415039,
BRCA2_CDS_255,TTTGTCAGATTTAACTTTTT,11,4165.0,1.7415268283508458,,,,,,1.7415268283508458,
BRCA2_CDS_258,ACATTTTTTCAGACTGCAAG,11,4292.0,-0.366997628427323,-0.7491636006494018,-0.13093685314609266,,-1.568733205953164,1.0160754969477366,-0.4156993607409391,-0.2763288545027137
BRCA2_CDS_259,CATTTTTTCAGACTGCAAGT,11,4293.0,,,,,,,,
BRCA2_CDS_260,AATTTTATTAAATGACTCTT,11,4321.0,,2.0284439780141503,0.421604169882686,,,,1.2250240739484182,
BRCA2_CDS_261,GAAAAGTTATGCAATTCTTC,11,4365.0,,-0.19394844332229763,,,,,-0.19394844332229763,
BRCA2_CDS_262,AGAATGTAATTCAGAATTTA,11,4387.0,,2.6134064787353064,,,,,2.6134064787353064,
BRCA2_CDS_263,TGACATAAGAAAGAACAAAA,11,4420.0,,,2.006566670603842,,,,2.006566670603842,
BRCA2_CDS_264,AATGGACATTCTAAGTTATG,11,4438.0,0.5716018269085336,-0.878446617594368,-1.6372895191708825,,,,-0.648044769952239,
BRCA2_CDS_265,CTGAAAGAAAGTGTCCCAGT,11,4487.0,0.15656432762969,-0.6719957401269417,1.5211398434336,,,,0.3352361436454494,
BRCA2_CDS_266,GTTGATTTCCAGTACCAACT,11,4490.0,,,-0.2664518238025737,,,,-0.2664518238025737,
BRCA2_CDS_267,AGTTGATTTCCAGTACCAAC,11,4491.0,1.0410871102097536,1.2914783838479442,2.0460950347904796,,,,1.4595535096160592,
BRCA2_CDS_268,GAAAGTGTCCCAGTTGGTAC,11,4493.0,0.17471167433994952,-0.32205326906998283,0.47051377036363246,,,,0.10772405854453304,
BRCA2_CDS_269,AAATCAACTAGTGACCTTCC,11,4516.0,0.3871772557711063,1.5430171508439086,1.2841006461327513,,,,1.0714316842492553,
BRCA2_CDS_270,AATCAACTAGTGACCTTCCA,11,4517.0,,-0.7789109440434536,,,,,-0.7789109440434536,
BRCA2_CDS_271,ACGTTCGGGTTGTCCCTGGA,11,4519.0,1.8935299217958959,1.3585925797064813,1.617524379857943,,,1.5566438783104393,1.6232156271201068,1.5566438783104393
BRCA2_CDS_272,CATCACGTTCGGGTTGTCCC,11,4523.0,-3.0133606738126226,-1.379059848579286,-1.3068499244280027,,,,-1.8997568156066371,
BRCA2_CDS_273,TTGATCTTTTCATCACGTTC,11,4533.0,,,,,,,,
BRCA2_CDS_274,TTTGATCTTTTCATCACGTT,11,4534.0,-1.5713561269335092,-2.2692365706265347,2.3691367499885505,,-4.866413754593848,,-0.4904853158571645,-4.866413754593848
BRCA2_CDS_275,GTATGAAAACCCAATAGAGT,11,,,2.6134064787353064,-0.13093685314609266,,,,1.241234812794607,
BRCA2_CDS_276,GATCAAAGAACCTACTCTAT,11,,5.615995946266987,3.2914783838479442,5.006566670603842,,,,4.638013666906258,
BRCA2_CDS_278,TTGGGTTTTCATACAGCTAG,11,4580.0,0.5716018269085336,1.1109061382061232,1.5684455582119572,,,,1.0836511744422046,
BRCA2_CDS_281,TAAAATTGCAAAGGAATCTT,11,4612.0,1.3492094055720858,0.02844397801415039,,,,7.145358513892703,0.6888266917931181,7.145358513892703
BRCA2_CDS_282,CTTGCTCTTTTTCATCAAAA,11,4637.0,2.326489329072002,2.4434814772929943,,,,,2.3849854031824984,
BRCA2_CDS_283,CTTTTTGATGAAAAAGAGCA,11,4649.0,-0.84343567237031,0.5690123593768531,1.0065666706038423,,,,0.24404778587012846,
BRCA2_CDS_285,TCACCAGTTTTAGCCATCAA,11,4683.0,,,,,,,,
BRCA2_CDS_286,CACCAGTTTTAGCCATCAAT,11,4684.0,1.3492094055720858,-2.6903742694417967,-1.8414302359511077,,,,-1.060865033273606,
BRCA2_CDS_287,TTAGGGTCTTTGCCCATTGA,11,4685.0,1.3264893290720021,1.0850275063805177,4.465998289241139,,,,2.292505041564553,
BRCA2_CDS_288,ACAGGCCTCTCTGTACTTTA,11,4702.0,1.8346362327423273,-0.5565185227070057,1.421604169882686,,,,0.8999072933060025,
BRCA2_CDS_290,AAAGACCCTAAAGTACAGAG,11,4708.0,,1.0284439780141503,-0.3153614242835203,,,,0.356541276865315,
BRCA2_CDS_291,TGCTAATTCAAGGTCTTTAC,11,4720.0,2.808641024209383,1.6134064787353066,4.328494765491205,,,,2.9168474228119643,
BRCA2_CDS_292,TGGTCTCACATGCTAATTCA,11,4730.0,-0.1653637672576726,,,,,,-0.1653637672576726,
BRCA2_CDS_293,TGGGGCAGCTGTGATCTCAA,11,4750.0,0.6260496109309099,0.30261894145314466,-0.02905723912687919,,-2.4100354599341056,,0.2998704377523918,-2.4100354599341056
BRCA2_CDS_294,CTGCATTTCTTTACACTTTG,11,4768.0,,,-1.2413608428397434,,,2.4685877016452435,-1.2413608428397434,2.4685877016452435
BRCA2_CDS_295,TCTGCATTTCTTTACACTTT,11,4769.0,0.3041215160435477,-0.6920334933634867,-1.0440594024661256,,-2.5787172945257857,-0.5199774032924731,-0.47732379326202157,-1.5493473489091294
BRCA2_CDS_296,TTCTGCATTTCTTTACACTT,11,4770.0,2.378956748966138,-1.4951179780428625,,,,,0.4419193854616378,
BRCA2_CDS_297,CCACAGTCTCAATAGAAACA,11,4814.0,-1.4283981730914663,0.02844397801415039,-0.10891054681609397,,,7.84311278486704,-0.50295491396447,7.84311278486704
BRCA2_CDS_298,CCTTGTTTCTATTGAGACTG,11,4825.0,,0.8585189765718381,0.7841742492673942,,0.43126679404683604,,0.8213466129196161,0.43126679404683604
BRCA2_CDS_299,TTATCACTTAAGAGCTTAGG,11,4839.0,,3.6134064787353064,4.591529171324998,,,10.135016569671244,4.1024678250301525,10.135016569671244
BRCA2_CDS_300,AAATTATCACTTAAGAGCTT,11,4842.0,1.8346362327423273,3.6134064787353064,4.328494765491205,,2.0162292947679923,,3.258845825656279,2.0162292947679923
BRCA2_CDS_301,TGATTTGTGTAACAAGTTGC,11,4956.0,-3.9931827918749923,-1.4951179780428625,-1.1898305421996613,,,,-2.226043770705839,
BRCA2_CDS_302,ATTTTCAATGACTGAATAAG,11,4981.0,-0.6507905944279142,,,,,,-0.6507905944279142,
BRCA2_CDS_304,GAATTTTCAATGACTGAATA,11,4983.0,0.3871772557711063,0.6499323547604207,0.21807077579755393,,,,0.41839346210969364,
BRCA2_CDS_306,CATTACTTGAAGCAAAAAAA,11,5070.0,4.615995946266987,2.350372072901513,2.006566670603842,,,,2.990978229924114,
BRCA2_CDS_307,GCAAAAAAATGGCTTAGAGA,11,5081.0,,,,,,,,
BRCA2_CDS_308,CTTAGAGAAGGAATATTTGA,11,5093.0,1.5716018269085335,-1.6154122117605745,-0.05232701844972614,,,,-0.03204580110058906,
BRCA2_CDS_310,ATAAATACTGCAGATTATGT,11,5129.0,-0.7909682524761744,-2.5565185227070057,-3.578395830117314,,,,-2.3086275351001646,
BRCA2_CDS_311,TAAATAAGTATCTTGTTTTT,11,5203.0,0.5716018269085336,-1.6154122117605745,0.8690631468539073,,,,-0.05824907933271125,
BRCA2_CDS_312,ATATACCTCATCAGAATGGT,11,5254.0,-1.3669976284273229,-1.015950141344303,0.2696010764376363,,,,-0.7044488977779965,
BRCA2_CDS_313,CATTATATACCTCATCAGAA,11,5258.0,2.1565643276296895,-0.9715560219858496,0.421604169882686,,,,0.5355374918421753,
BRCA2_CDS_316,TCAAAAAATAAACTTGATTC,11,5306.0,1.2820952097135485,0.5048820219571375,3.591529171324998,,,,1.7928354676652283,
BRCA2_CDS_317,TCTTCAACATTCTTCAATAC,11,5325.0,-1.076096429160585,0.31223694401474184,-0.31536142428352015,,0.07762983943213578,,-0.35974030314312105,0.07762983943213578
BRCA2_CDS_318,TTTTACATTGGATATTACTT,11,5368.0,0.34920940557208574,,,,,,0.34920940557208574,
BRCA2_CDS_319,TGCATTTGCATCTTTTACAT,11,5380.0,-0.18223758582206856,0.16171050887761454,0.006566670603842208,,,,-0.004653468780203937,
BRCA2_CDS_320,TATCTTCATTTACAGTTTGT,11,5405.0,,-0.2934841168732121,0.421604169882686,,,,0.06406002650473697,
BRCA2_CDS_321,ATATCTTCATTTACAGTTTG,11,5406.0,,0.4434814772929943,,,,,0.4434814772929943,
BRCA2_CDS_322,AAATGAAGATATTTGCGTTG,11,5428.0,-0.01336067381262265,0.4434814772929943,-0.578395830117314,,,,-0.04942500887898077,
BRCA2_CDS_324,GGCTGCATTTTTATTTTTGC,11,5461.0,0.6540639871005066,-0.6496279270984873,-0.3153614242835203,,,,-0.10364178809383366,
BRCA2_CDS_325,ATTAGATATGGACAATTTAA,11,5482.0,,,,,,,,
BRCA2_CDS_326,AAAATTATTACTATTAGATA,11,5494.0,0.5716018269085336,2.706515883126788,,,,,1.6390588550176608,
BRCA2_CDS_327,ATCTAATAGTAATAATTTTG,11,5509.0,-1.3028672910076076,0.02844397801415039,1.1061023441547566,,-0.17641578317440357,,-0.056106989612900206,-0.17641578317440357
BRCA2_CDS_329,ATAGTAATAATTTTGAGGTA,11,5514.0,-1.0450695335399607,-0.9101554773217062,0.30612695246274985,,,,-0.549699352799639,
BRCA2_CDS_330,CTGGCTATCCTAAATGCAGG,11,5526.0,,,,,,,,
BRCA2_CDS_331,AGGTAGGGCCACCTGCATTT,11,5529.0,-0.608970418733287,-0.38659352126469343,-0.7483208315596266,,,,-0.5812949238525357,
BRCA2_CDS_332,CCACTGGCTATCCTAAATGC,11,5529.0,0.28209520971354884,3.0284439780141503,,,,,1.6552695938638495,
BRCA2_CDS_333,CCTGCATTTAGGATAGCCAG,11,5540.0,,0.9409811367638108,-2.85141432452373,,,,-0.9552165938799595,
BRCA2_CDS_334,AACACAAACGATTTTACCAC,11,5545.0,-1.3028672910076076,,,,,,-1.3028672910076076,
BRCA2_CDS_335,CAGTTTCAGTAAAGTAATTA,11,5620.0,-0.09136318581389564,-0.0870332394057857,0.9070309970529278,,,,0.24287819061108215,
BRCA2_CDS_336,AACCTGCCATAATTTTCGTT,11,5660.0,0.15656432762968972,0.5690123593768531,0.784174249267394,,,,0.5032503120913123,
BRCA2_CDS_338,TGCCAAACGAAAATTATGGC,11,5669.0,4.741526828350846,,1.2696010764376358,,,,3.005563952394241,
BRCA2_CDS_339,AATTATGGCAGGTTGTTACG,11,5680.0,-0.5738286126130303,1.7654095721803564,-0.43400592078213907,,8.033656366526177,2.291709939561164,0.2525250129283957,5.1626831530436705
BRCA2_CDS_340,GGCAGGTTGTTACGAGGCAT,11,5686.0,-4.302867291007607,-4.510714833093881,-1.7303989235623642,,,,-3.514660349221284,
BRCA2_CDS_341,CGAGGCATTGGATGATTCAG,11,5698.0,1.2236785234882266,-1.9022933595487361,,,,,-0.33930741803025477,
BRCA2_CDS_342,ATGTAGCACGCATTCACATA,11,5752.0,-2.3825944834783415,-0.7441455258827772,,,,,-1.5633700046805594,
BRCA2_CDS_343,TCTCCAATCCAGACATATTT,11,5804.0,1.4784924225170522,,-0.4528649480334552,,,,0.5128137372417985,
BRCA2_CDS_344,CAACATAACCAAAATATGTC,11,5807.0,,-0.2934841168732121,0.421604169882686,,,,0.06406002650473697,
BRCA2_CDS_345,TAACCAAAATATGTCTGGAT,11,5812.0,-0.12354359156304558,-1.4089613342931482,-0.6022425720716816,,,,-0.7115824993092917,
BRCA2_CDS_346,GTTTCCAAACTAACATCACA,11,5844.0,,,,,,,,
BRCA2_CDS_347,ATCACCTTGTGATGTTAGTT,11,5851.0,-2.543875390511402,-0.18100938761479943,-0.8514143245237299,,,,-1.1920997008833105,
BRCA2_CDS_348,GATATATGTAAATGTAGTAT,11,5882.0,,-2.5565185227070057,,,,,-2.5565185227070057,
BRCA2_CDS_350,GTCTCATCTGCAAATACTTG,11,5921.0,-0.1388915558964814,-1.241645185353594,-0.645510025975851,,-1.640882991708999,-2.028318622410717,-0.6753489224086421,-1.834600807059858
BRCA2_CDS_352,GGGATTTTTAGCACAGCAAG,11,5942.0,,,,,,,,
BRCA2_CDS_353,AGCAAGTGGAAAATCTGTCC,11,5956.0,-2.0133606738126226,-1.5565185227070057,,,,,-1.7849395982598142,
BRCA2_CDS_354,GTAATGAAGCATCTGATACC,11,5963.0,0.2871484374398342,0.27355647585068177,-0.26021987009105935,,4.708425018814176,6.705665113502506,0.10016168106648554,5.707045066158341
BRCA2_CDS_355,TACTTTGGAAAAGACTTGCT,11,6025.0,,,,,,,,
BRCA2_CDS_356,GTTACTTTTAAACAATACTT,11,6040.0,0.4561246094885978,-0.878446617594368,-0.7303989235623642,,,,-0.38424031055604485,
BRCA2_CDS_358,TTTTGGGATATTAAATGTTC,11,6111.0,1.5044876310499966,,-0.3153614242835203,,,,0.5945631033832381,
BRCA2_CDS_359,GAACATTTAATATCCCAAAA,11,6125.0,,,,,,,,
BRCA2_CDS_360,ATTATATGAAAAGCCTTTTT,11,6127.0,,,,,,,,
BRCA2_CDS_361,CATTATATGAAAAGCCTTTT,11,6128.0,2.741526828350846,,3.591529171324998,,,,3.166527999837922,
BRCA2_CDS_363,GTAAATTCATCTGCTTTCTC,11,6164.0,-1.0360807503127059,-0.5379028445396589,0.11348187452035448,,,,-0.4868339067773368,
BRCA2_CDS_364,TCTGGATTTAGTACAGCAAG,11,6182.0,0.08617499973829211,0.29147838384794417,,,,,0.18882669179311815,
BRCA2_CDS_365,GTGTAAGGAACTTTCTAAAA,11,6205.0,-0.1653637672576724,2.9029130959302916,,,,,1.3687746643363097,
BRCA2_CDS_366,CACTCCCTTAACTTTGTGTA,11,6220.0,-1.0133606738126224,,-0.8007882514537621,,-0.8582398231481487,,-0.9070744626331922,-0.8582398231481487
BRCA2_CDS_367,AAGTTCCTTACACAAAGTTA,11,6226.0,3.0045612341846395,1.6658738986294421,1.0065666706038425,,,,1.8923339344726415,
BRCA2_CDS_368,AGTTCCTTACACAAAGTTAA,11,6227.0,,,,,,,,
BRCA2_CDS_369,CAAAGTTAAGGGAGTGTTAG,11,6238.0,,0.7389373608191654,-1.578395830117314,,,1.7530410911139427,-0.4197292346490743,1.7530410911139427
BRCA2_CDS_370,GATACATTTTGTCTAGACGT,11,6291.0,-1.116454166776726,,-0.8299345971132783,,,,-0.9731943819450022,
BRCA2_CDS_371,GGGTTTCTCTTATCAACACG,11,6324.0,,,,,,,,
BRCA2_CDS_372,CTGAGTTTACACAGTGCTCT,11,6344.0,,2.0284439780141503,,,,,2.0284439780141503,
BRCA2_CDS_373,TCTGAGTTTACACAGTGCTC,11,6345.0,-0.269700427072408,-1.1090595457357846,-2.5169952854531705,,,,-1.2985850860871209,
BRCA2_CDS_374,GCACTGTGTAAACTCAGAAA,11,6361.0,3.1565643276296895,1.6658738986294421,0.8910894531839062,,,,1.9045092264810126,
BRCA2_CDS_375,TAATTTAAATTCTTTACTGC,11,6379.0,-1.5983231745337785,,-1.578395830117314,,,,-1.5883595023255461,
BRCA2_CDS_376,TCAAATAACTTAAATGTTGA,11,6413.0,-0.1653637672576726,0.4434814772929943,,,,,0.13905885501766085,
BRCA2_CDS_377,AATAACTTAAATGTTGAAGG,11,6416.0,1.5716018269085335,0.4434814772929943,1.0065666706038419,,,,1.0072166582684565,
BRCA2_CDS_380,GACAAACAACAGTTGGTATT,11,6497.0,-0.1653637672576724,-0.8541990713476908,-0.7710409080597102,,,,-0.5968679155550244,
BRCA2_CDS_381,GTTCTCAACAAGTGACACTT,11,6511.0,0.6446652890982572,1.1322797889986902,-0.38575075217491794,,-4.04985989568978,,0.4637314419740098,-4.04985989568978
BRCA2_CDS_382,TGTTGAGAACATTCATGTTT,11,6535.0,,,,,,,,
BRCA2_CDS_383,GTTGAGAACATTCATGTTTT,11,6536.0,-2.185827869817388,0.061610841949349814,-1.31536142428352,,,,-1.1465261507171862,
BRCA2_CDS_384,TCATGTTTTGGGAAAAGAAC,11,6547.0,-0.5064006850927394,1.0284439780141503,-0.23047252669700682,,,,0.09719025540813471,
BRCA2_CDS_385,ATTTCCATTTTTACGTTTTT,11,6564.0,1.6711375004594482,-0.2934841168732121,2.006566670603842,,,,1.1280733513966927,
BRCA2_CDS_386,TTCACCTAAAAACGTAAAAA,11,6571.0,,3.6134064787353064,,,,,3.6134064787353064,
BRCA2_CDS_388,ACTTCTATATTTGTTTTCAC,11,6615.0,,,,,1.0162292947679925,,,1.0162292947679925
BRCA2_CDS_389,AAAGTAGTTTTCTGAATCTT,11,6652.0,1.1565643276296897,,,,1.0162292947679925,,1.1565643276296897,1.0162292947679925
BRCA2_CDS_391,AGAGAATGTGTGGCATGACT,11,6741.0,-2.6931013992858785,-0.8493002719348517,-1.6505456158731493,,4.182879164177444,1.1663181325283491,-1.7309824290312932,2.6745986483528963
BRCA2_CDS_392,ACATGTAAAAAGAGAATGTG,11,6751.0,1.6711375004594482,2.328004259873058,1.2696010764376362,,,,1.756247612256714,
BRCA2_CDS_393,AAAACCATTTCCTCATTTTC,11,6774.0,-0.4283981730914665,1.0284439780141503,,,,,0.3000229024613419,
BRCA2_CDS_394,TTTTACATGTCCCGAAAATG,11,6775.0,,,,,,,,
BRCA2_CDS_395,CAAAACCATTTCCTCATTTT,11,6775.0,0.741526828350846,0.17046298288657827,,,,,0.45599490561871214,
BRCA2_CDS_396,ATGTCCCGAAAATGAGGAAA,11,6781.0,3.9639192496872937,0.6134064787353066,-2.69387304753725,,,4.148525792971387,0.6278175602951168,4.148525792971387
BRCA2_CDS_397,GTTTTGTCAAATTCAAGAAT,11,6803.0,,3.6134064787353064,,,,,3.6134064787353064,
BRCA2_CDS_398,TCAAGAATTGGAAAAAGAAG,11,6815.0,2.1565643276296895,2.7654095721803564,3.006566670603842,,2.84630429332568,,2.6428468568046295,2.84630429332568
BRCA2_CDS_399,CACTTACCCACTAAGATAAG,11,6831.0,0.7415268283508463,1.4434814772929943,0.5211398434336002,,,3.5306486697774946,0.9020493830258136,3.5306486697774946
BRCA2_CDS_400,ACACTTACCCACTAAGATAA,11,6832.0,1.7415268283508458,1.6658738986294421,-0.16335833083847026,,,,1.0813474653806059,
BRCA2_CDS_401,AACACTTACCCACTAAGATA,11,6833.0,,0.7483360588214149,5.006566670603842,,4.74894541593284,,2.8774513647126283,4.74894541593284
BRCA2_CDS_402,AGGAGAGCCCCTTATCTTAG,11,6835.0,4.741526828350846,-0.7789109440434536,2.3284947654912047,,5.732436328767401,,2.097036883266199,5.732436328767401
BRCA2_CDS_403,GGAGAGCCCCTTATCTTAGT,11,6836.0,1.5716018269085335,,,,,,1.5716018269085335,
BRCA2_CDS_404,TATATGAAATATTTCTTTTT,12,6843.0,,,,,,,,
BRCA2_CDS_405,AATAAGTTTCTTTTGATTGA,12,6852.0,4.615995946266987,4.198368979456463,,,3.3381573896553545,,4.407182462861725,3.3381573896553545
BRCA2_CDS_406,TAATAAGTTTCTTTTGATTG,12,6853.0,,,,,,,,
BRCA2_CDS_408,AAATCAAGAAAAATCCTTAA,12,6910.0,3.741526828350846,2.0284439780141503,4.006566670603842,,,,3.25884582565628,
BRCA2_CDS_409,AGTGCTTTTTGAAGCCTTTA,12,6913.0,4.15656432762969,,3.5915291713249986,,,,3.874046749477344,
BRCA2_CDS_410,GCTTCAAAAAGCACTCCAGA,12,6932.0,,1.4434814772929943,-1.578395830117314,,,,-0.06745717641215987,
BRCA2_CDS_411,AAAAAGCTAATTTTACCATC,12,6936.0,,,,,,,,
BRCA2_CDS_412,ATATAAAATAATTGTTTCCT,13,6939.0,0.8346362327423275,1.1983689794564627,-0.4528649480334552,,,,0.526713421388445,
BRCA2_CDS_413,TTCGATCTTTTATTGTGCCT,13,6939.0,,-1.141481023428162,-0.578395830117314,,,,-0.859938426772738,
BRCA2_CDS_414,CGAAAGGGTACACAGGTAAT,13,6990.0,3.1565643276296895,,,,,,3.1565643276296895,
BRCA2_CDS_415,GTCTTACCGAAAGGGTACAC,13,6997.0,-2.165363767257672,0.02844397801415039,0.6846385757164799,,,-0.30585259793962577,-0.4840937378423473,-0.30585259793962577
BRCA2_CDS_416,CGATTACCTGTGTACCCTTT,13,7002.0,-0.2584731716491539,,,,,,-0.2584731716491539,
BRCA2_CDS_417,TTAAACATGTCTTACCGAAA,13,7005.0,,,,,,,,
BRCA2_CDS_418,TTTAAACATGTCTTACCGAA,13,7006.0,,,,,,,,
BRCA2_CDS_419,TCCTTAGTTGTGCTGCAATG,14,7008.0,-0.2584731716491539,-0.2516639411785851,-1.16335833083847,,,,-0.557831814555403,
BRCA2_CDS_421,GTTCCTTAGTTGTGCTGCAA,14,7008.0,0.06910148637935067,1.0773535784950967,1.0065666706038425,,,,0.7176739118260965,
BRCA2_CDS_422,TCCCCATTGCAGCACAACTA,14,7012.0,-0.9654261967489204,-0.582990734068197,-0.6455100259758507,,,,-0.7313089855976561,
BRCA2_CDS_423,TGACCAGGTGCGGTAAAATT,14,7044.0,-0.7138003919537146,0.12574117936906534,-0.6455100259758507,,,,-0.4111897461868333,
BRCA2_CDS_424,AATCCAAATTTTACCGCACC,14,7052.0,-1.269700427072408,-0.8460251399019906,-0.9934333293961581,,,,-1.0363862987901855,
BRCA2_CDS_425,CAGAAATTCTTGACCAGGTG,14,7054.0,0.5716018269085336,0.4434814772929943,-0.3153614242835203,,,,0.23324062663933587,
BRCA2_CDS_426,TTAGACAGAAATTCTTGACC,14,7059.0,-0.8434356723703103,,,,,,-0.8434356723703103,
BRCA2_CDS_427,TTTGTATGAACATCTGACTT,14,7099.0,-1.4191203595034556,-1.7110955598158823,-0.6876944726081257,,,,-1.2726367973091544,
BRCA2_CDS_429,GTAGCAGAAACTTGATAAAA,14,7146.0,,,,,,,,
BRCA2_CDS_430,ATGAGACACTTGATTACTAC,14,7193.0,0.3264893290720021,-0.9715560219858496,-2.0808961706464975,,,,-0.9086542878534484,
BRCA2_CDS_431,GGTGGAACAAAGACTTTGGT,14,7209.0,2.4784924225170526,1.6658738986294421,,,,,2.0721831605732475,
BRCA2_CDS_432,AAAAGGTGGAACAAAGACTT,14,7213.0,2.1565643276296895,1.7654095721803564,1.5915291713249982,,,,1.8378343570450149,
BRCA2_CDS_433,TGTGATTTAGTTTTAAAAGG,14,7227.0,0.4561246094885978,,-0.40847082867500184,,,,0.023826890406797974,
BRCA2_CDS_435,ACAGAGTTGAACAGTGTGTT,14,7266.0,-2.1102222130652115,0.06015283774148858,0.26960107643763603,,,,-0.5934894329620289,
BRCA2_CDS_437,TGTTAGGAATATTAACTTGG,14,7282.0,-0.01336067381262265,0.7065158831267879,,,,,0.34657760465708265,
BRCA2_CDS_439,AAGCAAAACATTGATGGACA,14,7316.0,-0.8731830157643623,0.1633735581002588,-0.30086185458840486,,-3.071233546482347,,-0.3368904374175028,-3.071233546482347
BRCA2_CDS_440,AGTTACAGCTACTGCTTGAT,14,7390.0,-0.8027936878729645,-0.5565185227070057,-1.69387304753725,,,,-1.0177284193724068,
BRCA2_CDS_441,AAGTGTGAAGAAGAACCTTT,14,7430.0,,2.0284439780141503,,,,,2.0284439780141503,
BRCA2_CDS_442,AATTGTCATACAATACCTAA,14,7434.0,-0.7014166674978821,0.9409811367638108,0.17649167204615443,,,,0.13868538043736103,
BRCA2_CDS_443,TCGCATATCCTGTATATCTC,15,7465.0,-0.3173668607027224,0.7554254836077343,0.24103192424086503,,,,0.2263635157152923,
BRCA2_CDS_444,TCAGAATGCCAGAGATATAC,15,7468.0,0.02411403160604053,-0.6805072399824592,-0.9382917752036967,,-3.3931616413697094,,-0.5315616611933718,-3.3931616413697094
BRCA2_CDS_446,CAACGCGTCTTTCCACAGCC,15,7517.0,-1.0133606738126226,1.6658738986294421,2.421604169882686,,,,1.0247057982331684,
BRCA2_CDS_447,AGATACAGACTGCCTGGCTG,15,7518.0,0.3085674210747402,-1.2445745163922657,-1.0687214567003949,,,,-0.6682428506726401,
BRCA2_CDS_448,TTTGCAAGATACAGACTGCC,15,7524.0,,-1.141481023428162,2.006566670603842,,,,0.43254282358784,
BRCA2_CDS_449,CAGAGAGATTCGAGGCAGAG,15,7552.0,-1.2126694820360293,-0.21256412148964457,-0.8299345971132781,,,,-0.7517227335463174,
BRCA2_CDS_450,GCTGCTTTCAGAGAGATTCG,15,7560.0,-1.7503262679788285,-1.430987640623147,-2.69387304753725,,,,-1.9583956520464085,
BRCA2_CDS_451,ATCTCTCTGAAAGCAGCAGT,15,7577.0,,,,,,,,
BRCA2_CDS_452,TCTCTGAAAGCAGCAGTAGG,15,7580.0,-0.8069097963451963,-0.24457451639226574,,,,,-0.525742156368731,
BRCA2_CDS_453,GAGAACACGCAGAGGGAACT,15,7592.0,0.3910295812667128,,,,,,0.3910295812667128,
BRCA2_CDS_455,CTGTTTATGAGAACACGCAG,15,7600.0,,0.7065158831267879,,,,,0.7065158831267879,
BRCA2_CDS_456,CTCTGCGTGTTCTCATAAAC,15,7612.0,-1.1653637672576724,3.6134064787353064,,,,,1.224021355738817,
BRCA2_CDS_457,TTTGTGTAGCTGTATACGTA,16,7625.0,-1.251520411007387,-1.059018863236189,-0.3358255268432358,,,,-0.8821216003622706,
BRCA2_CDS_458,TTTCACACTGAAGATTATTT,16,7700.0,2.378956748966138,-0.7789109440434536,-0.7303989235623639,,,,0.2898822937867735,
BRCA2_CDS_459,CACTGAAGATTATTTTGGTA,16,7705.0,-1.3459360128994933,0.9129667605942141,0.0679672152679853,,-0.6842104233731,-0.33756145766696394,-0.12166734567909794,-0.510885940520032
BRCA2_CDS_460,ATTTTGGTAAGGAAAGTTTA,16,7716.0,-0.1653637672576724,0.02844397801415039,0.1992117485462382,,,,0.020763986434238723,
BRCA2_CDS_461,GGTAAGGAAAGTTTATGGAC,16,7721.0,,,,,,,,
BRCA2_CDS_463,GACTGGAAAAGGAATACAGT,16,7738.0,-1.2808409846776085,-3.100839038930816,,,,,-2.1908400118042124,
BRCA2_CDS_464,AAAGGAATACAGTTGGCTGA,16,7745.0,-1.5804012665365164,-2.2194835354294353,-0.06382265728755587,,,,-1.287902486417836,
BRCA2_CDS_465,GGAATACAGTTGGCTGATGG,16,7748.0,,,0.5915291713249984,,,,0.5915291713249984,
BRCA2_CDS_466,TACAGTTGGCTGATGGTGGA,16,7752.0,0.14779411800195782,-1.0512832144565838,-0.9003239250046763,,,,-0.6012710071531008,
BRCA2_CDS_467,CCAGCCTTTCCATCATTGGA,16,7770.0,,,,,,,,
BRCA2_CDS_468,TCCAGCCTTTCCATCATTGG,16,7771.0,-2.3028672910076073,-0.9715560219858496,,,-0.9837707052320076,,-1.6372116564967285,-0.9837707052320076
BRCA2_CDS_469,TGGCTCATACCCTCCAATGA,16,7772.0,2.5716018269085335,,1.0065666706038423,,,,1.789084248756188,
BRCA2_CDS_470,TTTTCCAGCCTTTCCATCAT,16,7774.0,-0.4283981730914665,-1.7789109440434536,-2.0808961706464975,,,,-1.429401762593806,
BRCA2_CDS_471,CATACCCTCCAATGATGGAA,16,7777.0,,,-0.3153614242835203,,,,-0.3153614242835203,
BRCA2_CDS_472,CCCTCCAATGATGGAAAGGC,16,7781.0,3.326489329072002,0.5996006792102762,0.421604169882686,,,-0.15384950449457568,1.4492313927216547,-0.15384950449457568
BRCA2_CDS_473,CTGGAAAAGAAGAATTTTAT,16,7800.0,3.0310334455458308,3.350372072901513,2.385078293857572,,,,2.922161270768305,
BRCA2_CDS_474,TATTCTACTTTTATTTGTTC,17,7807.0,-0.84343567237031,,-0.8007882514537621,,,,-0.8221119619120361,
BRCA2_CDS_475,ATTCTACTTTTATTTGTTCA,17,7807.0,-1.1653637672576724,2.0284439780141503,1.0065666706038419,,2.601191795489149,,0.6232156271201066,2.601191795489149
BRCA2_CDS_476,AGGGCTCTGTGTGACACTCC,17,7820.0,,,,,,,,
BRCA2_CDS_477,TCTGTGTGACACTCCAGGTG,17,7825.0,,-1.6719957401269419,-0.5982953875550188,,,1.1116531569299677,-1.1351455638409802,1.1116531569299677
BRCA2_CDS_478,ATAAGCTTTGGATCCACACC,17,7827.0,1.1565643276296897,-1.6154122117605745,1.2696010764376358,,,,0.27025106410225036,
BRCA2_CDS_481,AAAGCTTATTTCTAGAATTT,17,7852.0,,,2.006566670603842,,,,2.006566670603842,
BRCA2_CDS_483,ATCACTATAGATGGATCATA,17,7881.0,,-0.878446617594368,-1.9934333293961581,,,,-1.4359399734952631,
BRCA2_CDS_484,TAGATGGATCATATGGAAAC,17,7888.0,,,,,,,,
BRCA2_CDS_485,CATATGGAAACTGGCAGCTA,17,7897.0,,0.8585189765718381,,,,,0.8585189765718381,
BRCA2_CDS_487,ATTAGCAAATTCCTTAGGAA,17,7915.0,1.15656432762969,3.0284439780141503,,,2.279263700601786,,2.0925041528219204,2.279263700601786
BRCA2_CDS_488,CATCTATTAGCAAATTCCTT,17,7920.0,,,3.591529171324998,,,,3.591529171324998,
BRCA2_CDS_489,GAAGCACCCTTTCTGGGCTT,17,7943.0,-1.0913631858138957,-1.0590188632361892,1.7170600534088571,,,3.6859268952554056,-0.14444066521374258,3.6859268952554056
BRCA2_CDS_490,ATAGATGCCTAAGCCCAGAA,17,7947.0,,4.3503720729015125,2.006566670603842,,,,3.1784693717526773,
BRCA2_CDS_492,GTTGAAGAAGCACCCTTTCT,17,7949.0,-0.5438753905114022,,1.7435322647700484,,,,0.5998284371293231,
BRCA2_CDS_493,AGTTGAAGAAGCACCCTTTC,17,7950.0,,,-1.578395830117314,,,,-1.578395830117314,
BRCA2_CDS_495,TTTCACTTTTAGATATGATA,18,7981.0,-1.5438753905114022,,0.006566670603841889,,,,-0.7686543599537802,
BRCA2_CDS_496,AATTGATAGAAGCAGAAGAT,18,8005.0,,,,,,,,
BRCA2_CDS_497,ATCGGCTATAAAAAAGATAA,18,8023.0,,0.8060515566777023,3.8139215926614463,,0.20887437271038814,,2.3099865746695745,0.20887437271038814
BRCA2_CDS_498,CTATAAAAAAGATAATGGAA,18,8028.0,2.6419911547999315,,,,,,2.6419911547999315,
BRCA2_CDS_499,TATAAAAAAGATAATGGAAA,18,8029.0,,,,,,,,
BRCA2_CDS_500,TAGTGCAGATACCCAAAAAG,18,8143.0,2.1565643276296895,-0.7789109440434536,1.4216041698826858,,,,0.9330858511563073,
BRCA2_CDS_502,GTTCAATAATGGCCACTTTT,18,8144.0,-0.6507905944279142,-0.7085216161520558,-0.9934333293961581,,,,-0.7842485133253762,
BRCA2_CDS_503,CCCATCTGTAAGTTCAATAA,18,8155.0,1.1565643276296897,-1.141481023428162,0.6846385757164797,,,,0.23324062663933579,
BRCA2_CDS_504,GCCATTATTGAACTTACAGA,18,8165.0,1.741526828350846,2.513870805184392,-2.6372895191708823,,,,0.5393693714547853,
BRCA2_CDS_506,TTATTGAACTTACAGATGGG,18,8169.0,0.34920940557208574,,,,,,0.34920940557208574,
BRCA2_CDS_507,AGATGGGTGGTATGCTGTTA,18,8182.0,-1.8768586739077604,-2.7917349844010375,-0.1089105468160938,,,,-1.5925014017082972,
BRCA2_CDS_508,TAAGAGGGGAGGATCTAACT,18,8194.0,2.1565643276296895,1.3654789652917212,,,,,1.7610216464607054,
BRCA2_CDS_509,CTAAGAGGGGAGGATCTAAC,18,8195.0,4.455222643194205,3.134238642036747,4.447139261989824,,1.016229294767992,2.2087205748901324,4.012200182406925,1.6124749348290623
BRCA2_CDS_510,TTTAAGACAGCTAAGAGGGG,18,8205.0,-0.7503262679788286,,,,,,-0.7503262679788286,
BRCA2_CDS_511,TTCTTTAAGACAGCTAAGAG,18,8208.0,4.741526828350846,,,,,,4.741526828350846,
BRCA2_CDS_512,ATTCTTTAAGACAGCTAAGA,18,8209.0,2.741526828350846,4.3503720729015125,0.30612695246274985,,,,2.466008617905036,
BRCA2_CDS_513,CATTCTTTAAGACAGCTAAG,18,8210.0,,1.0284439780141503,-0.578395830117314,,,,0.22502407394841817,
BRCA2_CDS_515,AAGAATGGCAGACTGACAGT,18,8237.0,-1.2763950796464163,-1.6414074202935187,-1.886518125479646,,,,-1.6014402084731936,
BRCA2_CDS_516,GGTCAGAAGATTATTCTTCA,18,8258.0,-0.06582809370675807,,,,,,-0.06582809370675807,
BRCA2_CDS_518,TCTTCATGGAGCAGAACTGG,18,8272.0,,,,,,,,
BRCA2_CDS_519,CTTCATGGAGCAGAACTGGT,18,8273.0,1.0410871102097536,-0.8080572897029704,-4.05952251985393,,,0.11991130793227646,-1.2754975664490489,0.11991130793227646
BRCA2_CDS_520,TCAAGAGGTGTACAGGCATC,18,8289.0,-0.806909796345196,1.2694520775179452,-2.8007882514537616,,,,-0.7794153234270041,
BRCA2_CDS_521,TGGGGCTTCAAGAGGTGTAC,18,8296.0,0.7845955502427322,1.4004127554011079,0.24103192424086503,,,,0.808680076628235,
BRCA2_CDS_522,AGAGATTCTGGGGCTTCAAG,18,8304.0,,,,,,,,
BRCA2_CDS_524,CCTTTAACATAAGAGATTCT,18,8315.0,,,,,,,,
BRCA2_CDS_525,ACCTTTAACATAAGAGATTC,18,8316.0,,,,,,,,
BRCA2_CDS_526,CCCAGAATCTCTTATGTTAA,18,8326.0,,1.0284439780141503,,,,,1.0284439780141503,
BRCA2_CDS_527,GAGTACTGTTAGCAGAAATC,19,8333.0,-0.28822051504320606,1.0284439780141503,-0.16335833083847026,,,,0.19228837737749135,
BRCA2_CDS_528,AGATTTCTGCTAACAGTACT,19,8346.0,0.7415268283508459,0.6134064787353066,-0.6179241943039516,,-3.568733205953164,,0.24566970426073362,-3.568733205953164
BRCA2_CDS_529,ACAGTACTCGGCCTGCTCGC,19,8358.0,-1.2763950796464163,-0.032956566649992976,-0.18106033257192922,,,,-0.49680399295611277,
BRCA2_CDS_530,AGTTTGGTATACCAGCGAGC,19,8358.0,2.934171906293242,2.1596885112924027,1.8139215926614463,,-2.376088128010768,,2.302594003415697,-2.376088128010768
BRCA2_CDS_531,GCTCGCTGGTATACCAAACT,19,8372.0,-2.8207155958702264,-1.5904658546303434,-1.299241758920243,,,,-1.9034744031402706,
BRCA2_CDS_532,GTCAGGAAAGAATCCAAGTT,19,8374.0,3.741526828350846,0.8764408845691004,0.006566670603842208,,,,1.5415114611745961,
BRCA2_CDS_533,AGAGGAAAAGGTCTAGGGTC,19,8391.0,1.1565643276296897,1.0284439780141503,,,,,1.09250415282192,
BRCA2_CDS_534,AGGGCAGAGGAAAAGGTCTA,19,8396.0,,,,,,,,
BRCA2_CDS_535,AAGGGCAGAGGAAAAGGTCT,19,8397.0,,-1.9715560219858497,-1.1633583308384703,,,,-1.56745717641216,
BRCA2_CDS_536,GATGATAAGGGCAGAGGAAA,19,8403.0,,-0.10905954573578447,2.006566670603842,,1.463688271739214,,0.9487535624340289,1.463688271739214
BRCA2_CDS_537,AAAAGCGATGATAAGGGCAG,19,8409.0,1.1565643276296897,1.7654095721803564,1.0996760749953234,,-0.5687332059531639,,1.34054999160179,-0.5687332059531639
BRCA2_CDS_539,ATCACTGAAAAGCGATGATA,19,8416.0,1.5716018269085335,,,,,,1.5716018269085335,
BRCA2_CDS_540,TTATCATCGCTTTTCAGTGA,19,8429.0,3.478492422517052,2.1983689794564625,2.491993497774084,,,,2.7229516332491994,
BRCA2_CDS_541,TCATCGCTTTTCAGTGATGG,19,8432.0,-0.1653637672576724,1.8219931005467243,2.006566670603842,,,,1.2210653346309648,
BRCA2_CDS_542,TTCAGTGATGGAGGAAATGT,19,8441.0,0.15656432762968972,-1.6719957401269419,-1.0378274487546115,,,,-0.8510862870839545,
BRCA2_CDS_543,TCAAAGAGCATACCCTATAC,19,8482.0,3.0310334455458308,,2.269601076437636,,,,2.6503172609917334,
BRCA2_CDS_544,GAATACATCATACCTGTATA,19,8483.0,,,1.421604169882686,,,,1.421604169882686,
BRCA2_CDS_545,AGAATACATCATACCTGTAT,19,8484.0,-1.7976319827571852,1.0284439780141503,-0.4528649480334552,,,,-0.40735098425883004,
BRCA2_CDS_1,TCGTAGGTAAAAATGCCTAT,2,5.0,0.5716018269085336,1.2210890559565464,,,,,0.89634544143254,
BRCA2_CDS_2,GGCCTCTCTTTGGATCCAAT,2,9.0,2.2634795315462015,2.0284439780141503,2.006566670603842,,,,2.099496726721398,
BRCA2_CDS_3,TGCCTATTGGATCCAAAGAG,2,18.0,,,0.006566670603841889,,,,0.006566670603841889,
BRCA2_CDS_4,AAAAAATGTTGGCCTCTCTT,2,19.0,1.5716018269085335,0.29147838384794417,0.006566670603842208,,,,0.6232156271201067,
BRCA2_CDS_6,AAGACACGCTGCAACAAAGC,2,62.0,-0.42839817309146627,2.0284439780141503,1.0065666706038423,,2.0162292947679923,,0.8688708251755087,2.0162292947679923
BRCA2_CDS_546,TGTGTAACACATTATTACAG,20,8488.0,,-2.430987640623147,-3.4528649480334552,,0.14176017685185122,,-2.941926294328301,0.14176017685185122
BRCA2_CDS_547,TAACACATTATTACAGTGGA,20,8488.0,-1.2219472956240398,-1.430987640623147,-0.9569074533710439,,,0.9786007915290736,-1.2032807965394101,0.9786007915290736
BRCA2_CDS_548,TGGATGGAGAAGACATCATC,20,8504.0,1.1565643276296897,-0.5565185227070057,-0.9320327847320147,,,,-0.11066232660311022,
BRCA2_CDS_549,CATATTTCGCAATGAAAGAG,20,8533.0,2.5716018269085335,2.8357989000717545,1.1992117485462381,,,,2.202204158508842,
BRCA2_CDS_550,CAATGAAAGAGAGGAAGAAA,20,8542.0,1.1565643276296897,2.7654095721803564,3.5915291713249986,,-1.15369570667432,,2.5045010237116814,-1.15369570667432
BRCA2_CDS_551,AAAGGAAGCAGCAAAATATG,20,8560.0,0.6577584706582482,0.9459818178221774,1.9680925227892065,,,0.6750385791126695,1.1906109370898774,0.6750385791126695
BRCA2_CDS_552,GGAAGCAGCAAAATATGTGG,20,8563.0,-0.01336067381262265,0.4434814772929943,1.0065666706038419,,,,0.47889582469473785,
BRCA2_CDS_553,GGCTTCTAGTCTCTTTTGTT,20,8575.0,,4.028443978014151,,,,,4.028443978014151,
BRCA2_CDS_554,AGGCTTCTAGTCTCTTTTGT,20,8576.0,,,,,,,,
BRCA2_CDS_555,CTCCTGAATTTTAGTGAATA,20,8596.0,1.0785618156284167,2.7654095721803564,0.5915291713249984,,,,1.478500186377924,
BRCA2_CDS_556,AGCCTTATTCACTAAAATTC,20,8605.0,1.4195987334634839,0.10244455945792721,1.1585697640488923,,,,0.8935376856567677,
BRCA2_CDS_557,CTTATTCACTAAAATTCAGG,20,8608.0,,2.0284439780141503,,,,,2.0284439780141503,
BRCA2_CDS_558,GAGGAATTTGAAGAACATGA,20,8627.0,-1.3028672910076076,-0.9101554773217062,-2.0808961706464975,,,,-1.4313063129919368,
BRCA2_CDS_559,AGTGCACGTGATGGTAAATA,21,8652.0,-1.7014166674978823,0.14580092865230918,-1.2992417589202432,,-0.0590588325362447,,-0.9516191659219387,-0.0590588325362447
BRCA2_CDS_560,TGTCTTGTTAGTGCACGTGA,21,8661.0,-0.5804012665365166,0.29147838384794417,,,-0.30569880011936995,,-0.1444614413442862,-0.30569880011936995
BRCA2_CDS_561,CAAGTTCGTGCTTTGCAAGA,21,8696.0,-0.6507905944279142,-0.29348411687321185,-0.33738773061351907,,,,-0.4272208139715484,
BRCA2_CDS_562,CTCTCACCTCAAGGTAAGCT,21,8744.0,0.8935299217958959,0.8709027010276702,0.39185682648863396,,-1.84175170035958,1.1562531549959971,0.7187631497707333,-0.34274927268179145
BRCA2_CDS_563,TCTCTCACCTCAAGGTAAGC,21,8745.0,3.326489329072002,2.7654095721803564,1.8996514666873303,,,,2.6638501226465627,
BRCA2_CDS_564,AGCAGACCCAGCTTACCTTG,21,8749.0,-0.6507905944279142,,,,,,-0.6507905944279142,
BRCA2_CDS_565,CCTCTTACTCTCTCACCTCA,21,8753.0,,,-0.3153614242835203,,,,-0.3153614242835203,
BRCA2_CDS_566,CCAATATCTTAAATGGTCAC,22,8756.0,-1.5438753905114022,-1.9715560219858497,,,,,-1.757715706248626,
BRCA2_CDS_567,CAATATCTTAAATGGTCACA,22,8756.0,-1.4987875009828642,-0.29348411687321185,-2.0808961706464975,,,,-1.291055929500858,
BRCA2_CDS_568,CATTTGCCTGTGATTATTCA,22,8788.0,-1.8978834563926863,-0.4672511846099185,-0.9743245064484531,,,0.487696524592948,-1.1131530491503525,0.487696524592948
BRCA2_CDS_569,TAAGAGCCTTGAATAATCAC,22,8793.0,,1.0284439780141503,0.5471350519665449,,,,0.7877895149903476,
BRCA2_CDS_570,GAAACAAGCTCAGATCCAGT,22,8833.0,0.15656432762969,,-0.9934333293961581,,,,-0.4184345008832341,
BRCA2_CDS_571,TGGCCTTCCTAATTTCCAAC,22,8837.0,,4.028443978014151,,,4.338157389655355,,4.028443978014151,4.338157389655355
BRCA2_CDS_572,CTCAGATCCAGTTGGAAATT,22,8841.0,-1.116454166776726,1.3503720729015127,-0.21582575073260563,,,,0.006030718464060354,
BRCA2_CDS_573,GATCCAGTTGGAAATTAGGA,22,8845.0,-0.1653637672576726,0.22108905595654635,1.6846385757164797,,,,0.5801212881384511,
BRCA2_CDS_574,GTTGGAAATTAGGAAGGCCA,22,8851.0,-1.9727186893152766,-1.7264435241493181,0.1992117485462382,,,,-1.1666501549727855,
BRCA2_CDS_575,CTTTTGTTCAGCAGATTCCA,22,8857.0,3.1565643276296895,,,,,,3.1565643276296895,
BRCA2_CDS_576,CATGGAATCTGCTGAACAAA,22,8869.0,0.7415268283508459,-0.03044971103941824,0.2289590919402904,,,,0.313345403083906,
BRCA2_CDS_577,TCTGCTGAACAAAAGGAACA,22,8876.0,-0.9727186893152766,0.02844397801415039,-1.4959336699253412,,-0.46919753240224926,,-0.8134027937421558,-0.46919753240224926
BRCA2_CDS_578,AAAAGGAACAAGGTTTATCA,22,8886.0,-0.9308985136206493,1.525943637484967,0.8366416691615297,,,,0.4772289310086158,
BRCA2_CDS_579,AAAGGAACAAGGTTTATCAA,22,8887.0,-0.6507905944279142,0.22108905595654635,2.421604169882686,,,,0.6639675438037728,
BRCA2_CDS_580,CAAGGGATGTCACAACCGTG,22,8904.0,-1.404150626844789,-2.408961334293148,-0.33328333228078266,,-2.4211760175393056,,-1.3821317644729065,-2.4211760175393056
BRCA2_CDS_581,TACAATACGCAACTTCCACA,22,8908.0,,,0.09967607499532338,,,,0.09967607499532338,
BRCA2_CDS_582,TCAAAAAAAGAAAAAGATTC,22,8948.0,3.3409888987671175,2.7939787243771272,3.4804978589362543,,0.2792637006017861,,3.2051551606934994,0.2792637006017861
BRCA2_CDS_583,AAATACTCAGTATAACTGTT,23,8954.0,-0.7503262679788286,-2.7264435241493183,0.006566670603842208,,,,-1.156734373841435,
BRCA2_CDS_584,AAACAGTTATACTGAGTATT,23,8964.0,,,,,,,,
BRCA2_CDS_585,AGAGAATATAAATCTGATGA,23,8979.0,,,,,,,,
BRCA2_CDS_586,TTATATTCTCTGTTAACAGA,23,9002.0,0.15656432762969,,,,,,0.15656432762969,
BRCA2_CDS_587,AACTCAGTATCAACAACTAC,23,9112.0,,,,,,,,
BRCA2_CDS_588,TTACAATGAAAGGTTTGTAC,23,9119.0,0.3910295812667128,2.6134064787353064,,,3.601191795489149,,1.5022180300010095,3.601191795489149
BRCA2_CDS_589,ATTTTTGTTTTGTTTTCTGT,24,9120.0,0.9990230506432101,0.6499323547604207,-0.9003239250046763,,,,0.24954382679965145,
BRCA2_CDS_590,TATTTCAGATTTACCAGCCA,24,9150.0,-1.4283981730914663,-1.4634091183155244,-1.7660228332930854,,,,-1.5526100415666921,
BRCA2_CDS_591,ATTTCAGATTTACCAGCCAC,24,9151.0,-0.9589128897902462,0.13535918193066213,-0.06382265728755587,,,,-0.29579212171571334,
BRCA2_CDS_592,AGTGAAGGGGCTCCCGTGGC,24,9152.0,0.09243399020997439,1.473855126336513,1.4071046001875709,,,0.27910990278153025,0.9911312389113528,0.27910990278153025
BRCA2_CDS_593,CTGAAGTGAAGGGGCTCCCG,24,9156.0,0.571601826908534,0.0898445226782935,-0.6715052345087954,,-0.9223701605678643,,-0.003352961640655979,-0.9223701605678643
BRCA2_CDS_594,AAAAATTTGCTGAAGTGAAG,24,9165.0,0.15656432762969028,2.2629092316511734,1.5915291713249982,,,,1.3370009102019538,
BRCA2_CDS_596,CTAAAAATTTGCTGAAGTGA,24,9167.0,,-0.878446617594368,-0.31536142428352015,,,,-0.5969040209389441,
BRCA2_CDS_597,GAACAAGATGGCTGAAAGTC,24,9192.0,0.3492094055720855,0.8764408845691004,-0.31536142428352015,,-2.30569880011937,-0.6277806928269882,0.30342962195255524,-1.466739746473179
BRCA2_CDS_598,AGGTCCACCTCAGAACAAGA,24,9204.0,3.15656432762969,,-0.6938730475372499,,,,1.2313456400462202,
BRCA2_CDS_599,CTTTCAGCCATCTTGTTCTG,24,9208.0,-0.6507905944279142,-0.17318988315550016,-1.4196980840982558,,,,-0.74789285389389,
BRCA2_CDS_600,TCAGCCATCTTGTTCTGAGG,24,9211.0,0.8935299217958962,-1.4951179780428625,0.09967607499532367,,,,-0.16730399375054752,
BRCA2_CDS_601,TGTTCTGAGGTGGACCTAAT,24,9221.0,-1.2357530951490703,-0.43098764062314693,-3.2413608428397436,,,,-1.63603385953732,
BRCA2_CDS_602,CAGAAACGACAAATCCTATT,24,9224.0,1.5716018269085335,0.15397486009800943,,,,,0.8627883435032715,
BRCA2_CDS_604,TTTTCTTTTTTTTCCATTCT,25,9258.0,,,,,,,,
BRCA2_CDS_605,GAAAGGGGCAAGTCCTAGAA,25,9258.0,0.5716018269085338,,,,,,0.5716018269085338,
BRCA2_CDS_607,CGTCTGACAAATAGACGAAA,25,9269.0,,,,,,,,
BRCA2_CDS_608,TCGTCTGACAAATAGACGAA,25,9270.0,,,,,,,,
BRCA2_CDS_609,AGACGAATGTTACAATTTAC,25,9298.0,,-2.925752332372725,,,,,-2.925752332372725,
BRCA2_CDS_610,ATTTACTGGCAATAAAGTTT,25,9312.0,-2.2357530951490703,-1.1810093876147993,0.6846385757164799,,2.4792012711105382,2.3571124147828035,-0.9107079690157965,2.418156842946671
BRCA2_CDS_611,GTTTTGGATAGACCTTAATG,25,9328.0,1.4784924225170522,,1.0065666706038419,,,,1.242529546560447,
BRCA2_CDS_612,GCTTAATAATGTCCTCATTA,25,9329.0,-0.01336067381262265,0.4434814772929943,,,,,0.21506040174018584,
BRCA2_CDS_613,CTTGCAGCAATTAACATATG,25,9351.0,,-2.059018863236189,,,,,-2.059018863236189,
BRCA2_CDS_614,TTGCTGCAAGCAACCTCCAG,25,9375.0,1.1565643276296897,,3.006566670603842,,,,2.081565499116766,
BRCA2_CDS_615,TGGATTCTGGTCGCCACTGG,25,9377.0,0.7642469048509297,-1.8784466175943682,1.5915291713249984,,,,0.15910981952718664,
BRCA2_CDS_616,ATTTGGATTCTGGTCGCCAC,25,9380.0,3.3789567489661376,-1.0758926818005852,-0.23047252669700682,,-1.0881073650467432,,0.6908638468228485,-1.0881073650467432
BRCA2_CDS_617,AGAAGGCCTGATTTGGATTC,25,9390.0,-1.2009876769883938,0.3654789652917212,-0.08089617064649726,,-2.231698218675593,,-0.30546829411438997,-2.231698218675593
BRCA2_CDS_618,TGGCGACCAGAATCCAAATC,25,9395.0,2.1565643276296895,2.350372072901513,,,,,2.2534682002656012,
BRCA2_CDS_619,TAAAGTAAGAAGGCCTGATT,25,9397.0,1.3492094055720858,,,,,,1.3492094055720858,
BRCA2_CDS_620,CTCCAGCAAATAAAGTAAGA,25,9407.0,,4.487875596651447,1.199211748546238,,,,2.8435436725988428,
BRCA2_CDS_621,GGCCTTCTTACTTTATTTGC,25,9416.0,,-0.14148102342816196,3.591529171324998,,,,1.7250240739484182,
BRCA2_CDS_622,GTTTTCTGCTAGTCCAAAAG,25,9451.0,,2.0284439780141503,,,,,2.0284439780141503,
BRCA2_CDS_624,TCTTGAAAGTGGCCCTCTTT,25,9453.0,-0.5279338466423807,0.4704485248932636,0.3627104808291175,,,,0.10174171969333345,
BRCA2_CDS_625,TGTTGAATGTCTCTTGAAAG,25,9464.0,,,,,,,,
BRCA2_CDS_627,TGAAAAATACTGTTGAGGTA,25,9501.0,-0.8102688084351107,-1.8590812927274372,-0.4196980840982557,,,,-1.0296827284202679,
BRCA2_CDS_628,TGCATGCAAATGATCCCAAG,26,9567.0,,2.0284439780141503,,,,,2.0284439780141503,
BRCA2_CDS_629,TTAGTTGGGGTGGACCACTT,26,9570.0,0.23056490907346666,-0.2150100588501274,0.3679662062806128,,,,0.12784035216798403,
BRCA2_CDS_630,TTTAGTTGGGGTGGACCACT,26,9571.0,-0.9809391961202452,1.2914783838479442,1.3284947654912045,,,,0.5463446510729678,
BRCA2_CDS_631,AGTACAGTCTTTAGTTGGGG,26,9580.0,,0.4434814772929943,1.0065666706038419,,,,0.7250240739484181,
BRCA2_CDS_632,TGAAGTACAGTCTTTAGTTG,26,9583.0,2.15656432762969,1.748336058821415,1.3544899740241492,,,,1.753130120158418,
BRCA2_CDS_633,CTGAAGTACAGTCTTTAGTT,26,9584.0,3.1565643276296895,,,,,,3.1565643276296895,
BRCA2_CDS_634,CCTGAAGTACAGTCTTTAGT,26,9585.0,3.6419911547999315,1.2914783838479442,4.591529171324998,,,,3.1749995699909577,
BRCA2_CDS_635,CCAACTAAAGACTGTACTTC,26,9596.0,0.5716018269085336,1.1109061382061232,0.3061269524627501,,,,0.6628783058591357,
BRCA2_CDS_636,CAACTAAAGACTGTACTTCA,26,9597.0,1.6711375004594482,1.6134064787353066,0.006566670603841889,,,,1.097036883266199,
BRCA2_CDS_637,GGAATGATTTGAGCAGTGTA,26,9609.0,-0.4557301550626614,-0.7305479224820548,-1.2682274486924252,,-3.443202323869305,,-0.8181685087457137,-3.443202323869305
BRCA2_CDS_638,TACACTGCTCAAATCATTCC,26,9623.0,-2.1653637672576727,-2.015950141344303,-0.9320327847320147,,,,-1.7044488977779968,
BRCA2_CDS_639,GCTCAAATCATTCCTGGTAC,26,9629.0,-1.112896347363537,-1.0870332394057856,-1.608143173511366,,,,-1.2693575867602294,
BRCA2_CDS_641,TGGTACAGGAAACAAGCTTC,26,9643.0,0.34920940557208574,1.2914783838479442,,,,,0.820343894710015,
BRCA2_CDS_642,TGATAATATATCTCACAATT,27,9663.0,,2.6134064787353064,,,,,2.6134064787353064,
BRCA2_CDS_643,TTGGCCATACAAAGTGATAA,27,9690.0,,,,,,,,
BRCA2_CDS_644,AAGTCCTTTATCACTTTGTA,27,9697.0,,0.4434814772929943,,,,,0.4434814772929943,
BRCA2_CDS_645,TATCACTTTGTATGGCCAAA,27,9705.0,-0.42839817309146627,1.1983689794564627,1.1992117485462381,,,,0.6563941849704115,
BRCA2_CDS_646,TGTGGAAACAGACTTCCTTT,27,9709.0,2.1565643276296895,1.4434814772929943,,,,,1.800022902461342,
BRCA2_CDS_647,CATCTGGGCTGAGACAGGTG,27,9727.0,1.8935299217958959,,0.006566670603842208,,,,0.9500482961998691,
BRCA2_CDS_648,GAAGTCATCTGGGCTGAGAC,27,9732.0,1.15656432762969,1.587871386628169,0.5915291713249984,,-2.231698218675593,,1.1119882951942859,-2.231698218675593
BRCA2_CDS_649,ACAAGACTTTGAAGTCATCT,27,9742.0,,,-1.578395830117314,,,,-1.578395830117314,
BRCA2_CDS_650,TACAAGACTTTGAAGTCATC,27,9743.0,0.28209520971354857,-0.19394844332229763,0.6846385757164797,,,-0.30585259793962616,0.25759511403591023,-0.30585259793962616
BRCA2_CDS_651,ATGACTTCAAAGTCTTGTAA,27,9758.0,0.9341719062932418,1.2914783838479442,4.328494765491205,,,,2.1847150185441304,
BRCA2_CDS_652,TGACTTCAAAGTCTTGTAAA,27,9759.0,,,,,,,,
BRCA2_CDS_653,GACTTCAAAGTCTTGTAAAG,27,9760.0,,,,,,,,
BRCA2_CDS_654,TTCTCTTTTTGCAGTTCTTT,27,9788.0,,3.0284439780141503,,,,,3.0284439780141503,
BRCA2_CDS_655,CTGCAAAAAGAGAAGAGCCT,27,9808.0,3.1565643276296895,1.4434814772929943,,,,,2.300022902461342,
BRCA2_CDS_656,CAGTCTACTCAAGAAATCCA,27,9814.0,-0.0658280937067579,-2.36387344476461,1.2696010764376362,,,,-0.3867001540112438,
BRCA2_CDS_657,GGACTAACAGGTGGAGGTAA,27,9837.0,0.9195251303288404,-0.3407898316515687,-1.886518125479646,,-4.522929516340039,,-0.4359276089341247,-4.522929516340039
BRCA2_CDS_658,CAAATGGGACTAACAGGTGG,27,9843.0,-0.9727186893152766,0.4636593592306244,0.3544899740241492,,,,-0.051523118686834325,
BRCA2_CDS_659,GTACAAATGGGACTAACAGG,27,9846.0,,,,,,,,
BRCA2_CDS_660,AATGTACAAATGGGACTAAC,27,9849.0,-0.5983231745337786,,-0.9934333293961581,,,,-0.7958782519649683,
BRCA2_CDS_661,GGAGAAACAAATGTACAAAT,27,9858.0,-1.3918722970663524,-0.3809469581235515,-1.7859912495256811,,,,-1.1862701682385284,
BRCA2_CDS_662,CGGAGAAACAAATGTACAAA,27,9859.0,1.671137500459448,-0.7789109440434536,0.7435322647700484,,,,0.5452529403953476,
BRCA2_CDS_663,CATTTGTACATTTGTTTCTC,27,9871.0,1.3264893290720021,-1.293484116873212,-0.38575075217491817,,,,-0.11758184665870937,
BRCA2_CDS_664,TGAAATGCCTTCTGTGCAGC,27,9879.0,-1.3028672910076076,0.15397486009800912,0.7971133049748925,,,,-0.11725970864490198,
BRCA2_CDS_665,TGTTTCTCCGGCTGCACAGA,27,9883.0,0.41959873346348364,-1.141481023428162,-0.8007882514537619,,,,-0.5075568471394801,
BRCA2_CDS_666,AGAAGGCATTTCAGCCACCA,27,9900.0,-1.2009876769883938,0.5545127896817378,0.006566670603842208,,,,-0.21330273890093795,
BRCA2_CDS_667,TTGGTGCCACAACTCCTTGG,27,9903.0,1.9866393261873774,1.4434814772929943,1.5915291713249984,,,,1.6738833249351233,
BRCA2_CDS_668,TATTTGGTGCCACAACTCCT,27,9906.0,,-0.5565185227070057,,,,,-0.5565185227070057,
BRCA2_CDS_669,TTTCAGCCACCAAGGAGTTG,27,9908.0,-1.5438753905114022,,,,,,-1.5438753905114022,
BRCA2_CDS_671,TTCAGTTCTTTTTTCTTTAT,27,9936.0,3.963919249687294,,,,,,3.963919249687294,
BRCA2_CDS_673,TTTTTAAATGGAGTCATCTG,27,9963.0,0.9866393261873774,1.7203216826518184,2.784174249267394,,,,1.8303784193688635,
BRCA2_CDS_674,ATTTCATTGAATTTTTTAAA,27,9975.0,,,,,,,,
BRCA2_CDS_675,ATTCAATGAAATTTCTCTTT,27,9997.0,2.571601826908534,2.2914783838479442,4.006566670603842,,,,2.9565489604534405,
BRCA2_CDS_677,TTGAACCAGACAAAAGAGCT,27,10052.0,0.6711375004594481,-0.041945349877247635,,,,,0.31459607529110023,
BRCA2_CDS_678,AATACCCAAGCTCTTTTGTC,27,10058.0,4.741526828350846,2.0284439780141503,,,,,3.3849854031824984,
BRCA2_CDS_680,TATCTGTCAGTGAATCCACT,27,10104.0,-1.1653637672576727,-1.0590188632361892,-0.3748624360321819,,-3.0712335464823473,,-0.8664150221753478,-3.0712335464823473
BRCA2_CDS_681,ACTGGTGGGAGCAGTCCTAG,27,10108.0,-0.2009876769883936,0.22108905595654635,1.68463857571648,,,,0.5682466515615442,
BRCA2_CDS_683,GAGATAATCTTCTGAACTGG,27,10123.0,-1.2494280320461468,-0.8953204361587643,-0.10195778617432673,,-3.4100354599341056,,-0.7489020847930793,-3.4100354599341056
BRCA2_CDS_684,TCTGAGATAATCTTCTGAAC,27,10126.0,0.5716018269085336,-0.5565185227070057,0.8690631468539073,,,,0.29471548368514505,
BRCA2_CDS_685,TACATCTCTGATCAAAGAAC,27,10177.0,0.15656432762968972,0.3280042598730582,0.14858567547627008,,,,0.211051420993006,
BRCA2_CDS_686,CAAAGAACAGGAGAGTTCCC,27,10189.0,2.1565643276296895,0.15397486009800943,-1.4959336699253412,,,,0.27153517260078597,
BRCA2_CDS_687,ACATTCTTCCGTACTGGCCT,27,10195.0,-1.154223209652472,-1.3701053984761247,-0.9934333293961575,,,,-1.1725873125082515,
BRCA2_CDS_688,CACATTCTTCCGTACTGGCC,27,10196.0,-0.01336067381262265,,1.491993497774084,,,,0.7393164119807307,
BRCA2_CDS_689,GGAGAGTTCCCAGGCCAGTA,27,10198.0,-0.5215075774829478,-2.293484116873212,-1.9003239250046766,,,,-1.571771873120279,
BRCA2_CDS_690,TTTCTCACATTCTTCCGTAC,27,10201.0,-0.1653637672576724,-0.5565185227070057,0.6846385757164797,,,,-0.012414571416066167,
BRCA2_CDS_691,AGAATGTGAGAAAAATAAGC,27,10222.0,,,,,,,,
BRCA2_CDS_8,TCAAACCAATTAAGACTTAT,3,81.0,,0.22108905595654635,-1.4528649480334552,,,,-0.6158879460384544,
BRCA2_CDS_9,TAGGACCAATAAGTCTTAAT,3,87.0,,,4.006566670603842,,,,4.006566670603842,
BRCA2_CDS_10,GCAGGTTCAGAATTATAGGG,3,123.0,,,,,,,,
BRCA2_CDS_11,TCTGCAGGTTCAGAATTATA,3,126.0,,,,,,,,
BRCA2_CDS_12,TTCTGCAGGTTCAGAATTAT,3,127.0,1.0410871102097536,0.4154671011233977,0.1894307277536526,,-3.6842104233731,,0.548661646362268,-3.6842104233731
BRCA2_CDS_13,TTATGTTCAGATTCTTCTGC,3,141.0,1.8935299217958963,-0.2934841168732121,-0.3153614242835203,,,,0.4282281268797213,
BRCA2_CDS_14,TGTGGAGTTTTAAATAGGTT,3,180.0,,,,,,,,
BRCA2_CDS_15,TCCTTTGTGGAGTTTTAAAT,3,185.0,,,1.3284947654912045,,,,1.3284947654912045,
BRCA2_CDS_16,ACCTATTTAAAACTCCACAA,3,195.0,1.5716018269085335,2.2914783838479442,,,,,1.9315401053782388,
BRCA2_CDS_17,TTATAAGATGGTTTCCTTTG,3,198.0,-0.013360673812622327,2.8169398728204387,1.3691367499885505,,0.14176017685185122,,1.3909053163321223,0.14176017685185122
BRCA2_CDS_18,GAAGCCAGCTGATTATAAGA,3,210.0,,,,,,,,
BRCA2_CDS_19,GAAACCATCTTATAATCAGC,3,217.0,0.28209520971354884,1.0284439780141503,0.26960107643763576,,,,0.5267134213884449,
BRCA2_CDS_20,CCTTGCTCTTTGAATATTAT,3,237.0,-1.9727186893152766,,0.32849476549120454,,,,-0.8221119619120361,
BRCA2_CDS_21,CCAATAATATTCAAAGAGCA,3,248.0,-1.269700427072408,-1.7789109440434536,-2.31536142428352,,,,-1.7879909317997942,
BRCA2_CDS_22,CAATAATATTCAAAGAGCAA,3,249.0,,,,,,,,
BRCA2_CDS_23,TTTACAGGAGATTGGTACAG,3,270.0,,1.2914783838479442,0.1992117485462382,,,,0.7453450661970912,
BRCA2_CDS_25,AATTTATCTAATTCTTTTAC,3,285.0,0.9639192496872939,0.4434814772929943,-0.9934333293961581,,,2.6010379976688927,0.13798913252804335,2.6010379976688927
BRCA2_CDS_26,GATAAATTCAAATTAGACTT,3,311.0,-0.8283287799801017,-0.718789951605883,1.1764916720461545,,,,-0.1235423531799434,
BRCA2_CDS_27,CTGAATTATTGTACTGTTTC,4,318.0,,,-2.4528649480334552,,,,-2.4528649480334552,
BRCA2_CDS_28,ATTATTGTACTGTTTCAGGA,4,318.0,-3.165363767257672,0.7389373608191654,,,,,-1.2132132032192535,
BRCA2_CDS_30,AAGACTTTTATGTCTACTAT,4,334.0,,,,,,,,
BRCA2_CDS_32,ACAAGAATTTAGAAGTGGAC,4,397.0,,,-0.578395830117314,,,,-0.578395830117314,
BRCA2_CDS_34,TAAATTCTTGTCTTAGTGAA,4,420.0,2.893529921795896,0.5690123593768531,0.006566670603841889,,,,1.156369650592197,
BRCA2_CDS_36,ATACCTGACTTATCTCTTTG,5,462.0,2.8346362327423273,1.1617105088776145,1.6280550473501125,,,3.807488875136319,1.8748005963233514,3.807488875136319
BRCA2_CDS_37,ACACCACAAAGAGATAAGTC,5,470.0,,,,,,,,
BRCA2_CDS_38,TCCCCTTTTTTTACCCCCAG,6,476.0,2.8346362327423273,3.6134064787353064,2.591529171324998,,,,3.0131906276008773,
BRCA2_CDS_39,AAACTCCCACATACCACTGG,6,476.0,,,,,,,,
BRCA2_CDS_40,CAAACTCCCACATACCACTG,6,475.0,-1.9308985136206493,,-1.4528649480334552,,,,-1.6918817308270522,
BRCA2_CDS_41,ACAAACTCCCACATACCACT,6,476.0,-1.6507905944279142,-1.1731898831555003,-1.4174596119022562,,-1.1854045664016584,,-1.41381336316189,-1.1854045664016584
BRCA2_CDS_42,AACAAACTCCCACATACCAC,6,477.0,,,0.7841742492673943,,,,0.7841742492673943,
BRCA2_CDS_43,TTTTTACCCCCAGTGGTATG,6,479.0,0.9639192496872939,-0.9534086752755905,-0.3533292744825406,,-2.287551453409111,,-0.11427290002361239,-2.287551453409111
BRCA2_CDS_44,TTTTACCCCCAGTGGTATGT,6,480.0,-1.9972410084493453,-1.3407898316515687,0.09967607499532338,,,,-1.0794515883685303,
BRCA2_CDS_45,ATATTTACCTTCACAAACTT,6,507.0,-2.543875390511402,-2.219483535429435,,,,,-2.3816794629704185,
BRCA2_CDS_46,TCATACACCAAAGTTTGTGA,6,511.0,-0.9138250002617082,-0.10905954573578447,-0.38575075217491817,,,,-0.46954509939080363,
BRCA2_CDS_47,AAACTATTTTCTTTCCTCCC,7,518.0,0.963919249687294,0.3280042598730582,2.2130175480712686,,,,1.168313685877207,
BRCA2_CDS_48,AACTATTTTCTTTCCTCCCA,7,518.0,1.8346362327423276,-0.05901886323618924,-0.40847082867500184,,,,0.4557155136103788,
BRCA2_CDS_49,TGGTGTCTGACGACCCTGGG,7,518.0,,,,,,,,
BRCA2_CDS_51,GTTTTGGTGTCTGACGACCC,7,518.0,-0.3191691033367077,0.21130803516396077,-0.38575075217491794,,,,-0.16453727344922164,
BRCA2_CDS_52,AGACTTTCAGAAATATGTTT,7,534.0,,-0.9715560219858496,,,,,-0.9715560219858496,
BRCA2_CDS_56,GAACTTGACCAAGACATATC,7,573.0,-2.0133606738126226,-1.141481023428162,-1.0808961706464972,,0.16823238821304234,,-1.411912622629094,0.16823238821304234
BRCA2_CDS_57,AGGTGGATCCTGATATGTCT,7,576.0,,,2.6846385757164795,,,,2.6846385757164795,
BRCA2_CDS_58,ACAGTAGAACTAAGGGTGGG,7,606.0,0.3651509494411075,-0.5020707386846295,-0.3153614242835203,,-0.22477880473580245,,-0.1507604045090141,-0.22477880473580245
BRCA2_CDS_60,GAGCACAGTAGAACTAAGGG,7,610.0,0.5716018269085336,-0.6038242374853624,-3.4528649480334552,,,,-1.161695786203428,
BRCA2_CDS_61,TATGAGCACAGTAGAACTAA,7,613.0,,,,,,,,
BRCA2_CDS_62,CTATGAGCACAGTAGAACTA,7,614.0,,,,,,,,
BRCA2_CDS_63,CTTAGTTCTACTGTGCTCAT,7,626.0,-1.7113321363629648,-1.141481023428162,,,,,-1.4264065798955634,
BRCA2_CDS_64,CTTACAGCAGTAGTATCATG,8,669.0,-3.7503262679788287,-0.219483535429435,-0.31536142428352015,,,,-1.4283904092305946,
BRCA2_CDS_66,CAAAGAGAAGCTGCAAGTCA,9,788.0,,,,,,,,
Control_692,TGTGAAAGGGCGATCCAGCG,control,,1.0190608038797553,0.2210890559565461,0.7655585711000474,,,,0.668569476978783,
Control_693,GGGCTTCAAGACACCCAAGG,control,,,,,,,,,
Control_694,CCAGCGCGCTACTTACAGTG,control,,-1.4283981730914663,0.31223694401474184,4.006566670603842,,,,0.9634684805090391,
Control_695,GAAGAACAGGTCATCAGCCT,control,,-0.8012074369810129,0.02844397801415039,-0.6563983421185869,,,,-0.47638726702848316,
Control_696,GCTGGTCGAGGTCCACGCCG,control,,-3.103963222593529,-1.5921424324377271,-2.8178617648127036,,-2.6043571156838854,,-2.5046558066146534,-2.6043571156838854
Control_697,CTCACTGTGATGATGAAGCA,control,,-1.1653637672576724,-0.43098764062314693,0.006566670603841889,,,,-0.5299282457589926,
Control_698,AGCTCCGCAACAAGATAGCA,control,,-1.2126694820360293,-0.0870332394057857,0.1992117485462382,,,2.793683075611289,-0.36683032429852563,2.793683075611289
Control_699,TCAACACCAACATCGATGGG,control,,-1.9589128897902464,0.02844397801415039,,,,,-0.965234455888048,
Control_700,TGACGGTATCCACCCATTCG,control,,0.29596738429510644,-0.5960468868936433,-0.7559340156695014,,,,-0.352004506089346,
Control_701,AAAAACACCCGTGGAGCCGG,control,,-2.3028672910076073,,1.6846385757164797,,,,-0.30911435764556383,
Control_702,TGACCAACCGACTACTTCAG,control,,,,,,,,,
Control_703,CGTCATTCGAAACATAGTGG,control,,,,,,,,,
Control_704,CCACCCGGCCCGTACCTCGA,control,,1.4784924225170522,,2.3284947654912047,,,,1.9034935940041284,
Control_705,AAATCATTATCTTAGCCACC,control,,,-1.293484116873212,,,,,-1.293484116873212,
Control_706,TTCCATGGTCAAAAAATGGC,control,,,,,,,,,
Control_707,TAAGATACTTACAAACACAC,control,,,-1.36387344476461,1.269601076437636,,,,-0.04713618416348697,
Control_708,ACCTGCCTCACAGTGCAGGG,control,,0.15656432762968972,1.2210890559565464,0.8139215926614461,,,,0.7305249920825608,
Control_709,TACTTTCTATGAGAAGCGTA,control,,1.4195987334634834,1.1804470714592001,2.006566670603842,,,,1.5355374918421754,
Control_710,GCCAAGATCGTGAAGCCCAA,control,,,,,,,,,
Control_711,GCGCCCAGCTGCCAACACCA,control,,1.0691014863793507,0.02844397801415039,-0.47148062620080183,,,,0.2086882793975664,
Control_712,GCAAAACTTATGTGACCCCG,control,,0.4403572936302812,-0.8784466175943684,0.26960107643763603,,-2.8906613008405264,2.5015023241179786,-0.056162749175483716,-0.19457948836127392
Control_713,TGGCCAGGTTTGTGGAACAG,control,,0.15656432762969,0.02844397801415039,,,,,0.09250415282192019,
Control_714,CGCTTCCGCGGCCCGTTCAA,control,,0.11217020827123649,-1.1810093876147993,0.7841742492673942,,,,-0.09488831002538951,
Control_715,ATCGTTTCCGCTTAACGGCG,control,,2.1565643276296895,0.8440194068767227,2.1992117485462384,,,,1.73326516101755,
Control_716,GTAGGCGCGCCGCTCTCTAC,control,,-0.84343567237031,0.8268101168444999,0.28074163404283636,,,,0.08803869283900874,
Control_717,CCATATCGGGGCGAGACATG,control,,-3.147216420547413,-1.3865935212646934,-1.5169952854531707,,,,-2.0169350757550926,
Control_718,TACTAACGCCGCTCCTACAG,control,,2.15656432762969,1.7675774088630667,2.1320975526877013,,-3.454090640012041,0.8785719731978019,2.018746429726819,-1.2877593334071196
Control_719,TGAGGATCATGTCGAGCGCC,control,,0.5191344070143985,0.10906243822243476,0.9022300107891066,,,,0.5101422853419799,
Control_720,GGGCCCGCATAGGATATCGC,control,,-1.7503262679788285,-2.925752332372725,-2.16335833083847,,,,-2.2798123103966748,
Control_721,TAGACAACCGCGGAGAATGC,control,,,,,,,,,
Control_722,ACGGGCGGCTATCGCTGACT,control,,-1.2763950796464163,-0.8080572897029704,-0.16335833083847026,,,,-0.7492702333959523,
Control_723,CGCGGAAATTTTACCGACGA,control,,,-0.38659352126469343,0.421604169882686,,,,0.01750532430899629,
Control_724,CTTACAATCGTCGGTCCAAT,control,,,-1.7789109440434536,-1.69387304753725,,,,-1.7363919957903517,
Control_725,GCGTGCGTCCCGGGTTACCC,control,,1.3975724271334848,0.4434814772929943,-0.6715052345087954,,,,0.38984955663922793,
Control_726,CGGAGTAACAAGCGGACGGA,control,,0.537654494985196,0.29147838384794444,-0.4084708286750016,,,,0.1402206833860463,
Control_727,CGAGTGTTATACGCACCGTT,control,,,1.0284439780141503,,,,,1.0284439780141503,
Control_729,CAACGGGTTCTCCCGGCTAC,control,,2.1565643276296895,,-0.4528649480334552,,,,0.8518496897981171,
Control_730,CAGGAGTCGCCGATACGCGT,control,,-3.1288378912325583,-0.6071445957769739,-0.8144631883508383,,,,-1.5168152251201235,
Control_731,GTGTCGGATTCCGCCGCTTA,control,,0.2390264878216629,0.8585189765718381,2.144070194353777,,1.0162292947679925,,1.0805385529157594,1.0162292947679925
Control_732,CACGAACTCACACCGCGCGA,control,,-1.6443355722906148,-1.8663737852937932,-1.8559298056462228,,-3.293625967818795,,-1.7888797210768768,-3.293625967818795
Control_733,CGCTAGTACGCTCCTCTATA,control,,0.934171906293242,0.8585189765718381,2.2289590919402906,,,,1.3405499916017902,
,,,,0.014130860133992843,-0.083947259532043,-0.0942849830559328,,-0.8420606617144147,-0.6959606632062462,-0.054700460817994324,-0.7690106624603305
