Translation,day_7_a%reads,day_7_b%reads,day_7_c%reads,day_14_a%reads,day_14_b%reads,day_14_c%reads,mock_a%reads,mock_b%reads,mock_c%reads,nira_a%reads,nira_b%reads,nira_c%reads,type
*,5.140730402419167,0.028137310073157007,0.11554015020219525,0.03602305475504323,0.07047216349541931,0.07680491551459294,0.03579098067287043,0.06975933031042902,0.07369196757553427,1.4627659574468086,0.20366598778004072,0.2728512960436562,Frame-shift
KEFANRCLRKGASSTKI*,0.04652244708071644,0.056274620146314014,0.11554015020219525,0.07204610951008646,0.07047216349541931,0.07680491551459294,0.07158196134574087,0.06975933031042902,0.07369196757553427,0.26595744680851063,0.40733197556008144,0.2728512960436562,Frame-shift
KEFANRCLRPERVALQLKY,0.20935101186322402,0.11254924029262803,0.2310803004043905,0.3242074927953891,0.14094432699083861,0.15360983102918588,0.14316392269148173,0.13951866062085805,0.14738393515106854,1.196808510638298,0.8146639511201629,0.5457025920873124,Complex
KEFANRCLRVLLQLKI*,0.02326122354035822,0.028137310073157007,0.11554015020219525,0.03602305475504323,0.07047216349541931,0.07680491551459294,0.03579098067287043,0.06975933031042902,0.07369196757553427,0.13297872340425532,0.20366598778004072,0.2728512960436562,Frame-shift
KEFANRCLRVLLQLKY,0.06978367062107467,0.056274620146314014,0.11554015020219525,0.10806916426512969,0.07047216349541931,0.07680491551459294,0.10737294201861132,0.06975933031042902,0.07369196757553427,0.39893617021276595,0.40733197556008144,0.2728512960436562,In_frame_deletion
KEFANRCLSPERALLQLKY,0.511746917887881,0.4220596510973551,1.270941652224148,6.772334293948127,6.412966878083158,6.451612903225807,6.513958482462419,6.138821067317754,8.032424465733236,1.728723404255319,3.054989816700611,2.5920873124147343,Missense
KEFANRCLSPERMLLQLKY,0.2558734589439405,0.28137310073157007,0.5777007510109763,0.3962536023054755,0.3523608174770965,0.3840245775729647,0.3579098067287043,0.3487966515521451,0.36845983787767134,1.4627659574468086,2.0366598778004072,1.364256480218281,Missense
KEFANRCLSPERVALQLKY,0.209351011863224,0.25323579065841306,0.5777007510109763,0.3242074927953891,0.3523608174770965,0.3840245775729647,0.3221188260558339,0.3487966515521451,0.36845983787767134,1.1968085106382977,1.8329938900203664,1.364256480218281,Missense
KEFANRCLSPERVFLQLKY,23.54035822284252,0.4220596510973551,1.4442518775274409,0.792507204610951,1.1627906976744187,1.0752688172043012,1.1095204008589834,1.1161492849668644,1.1790714812085483,14.76063829787234,3.0549898167006106,2.8649386084583908,Missense
KEFANRCLSPERVLAQLKY,0.39544080018608985,0.4501969611705121,0.8665511265164645,0.43227665706051877,0.6342494714587739,0.5760368663594471,0.572655690765927,0.5580746424834322,0.5895357406042742,2.2606382978723403,3.2586558044806515,1.6371077762619373,Missense
KEFANRCLSPERVLFQLKY,0.18608978832286577,0.19696117051209905,6.065857885615251,0.2881844380403458,0.28188865398167723,0.30721966205837176,0.2863278453829635,0.2790373212417161,0.2947678703021371,1.0638297872340425,1.425661914460285,14.324693042291951,Missense
KEFANRCLSPERVLLALKY,0.44196324726680625,0.5346088913899831,3.119584055459272,10.987031700288185,12.191684284707542,10.176651305683563,11.596277738010022,12.033484478549006,10.501105379513634,7.712765957446808,3.8696537678207736,3.956343792633015,Missense
KEFANRCLSPERVLLH*,0.04652244708071644,0.028137310073157007,0.11554015020219525,0.07204610951008646,0.07047216349541931,0.07680491551459294,0.07158196134574087,0.06975933031042902,0.07369196757553427,0.26595744680851063,0.20366598778004072,0.2728512960436562,Frame-shift
KEFANRCLSPERVLLL*,0.30239590602465694,25.154755205402363,0.924321201617562,0.46829971181556196,0.5637773079633545,0.6144393241167435,0.5726556907659269,0.5580746424834322,0.5895357406042742,1.728723404255319,3.0549898167006106,2.1828103683492497,Frame-shift
KEFANRCLSPERVLLLKY,0.04652244708071644,0.028137310073157007,0.11554015020219525,0.07204610951008646,0.07047216349541931,0.07680491551459294,0.07158196134574087,0.06975933031042902,0.07369196757553427,0.26595744680851063,0.20366598778004072,0.2728512960436562,In_frame_deletion
KEFANRCLSPERVLLPQI*,0.04652244708071644,0.028137310073157007,0.11554015020219525,0.07204610951008646,0.07047216349541931,0.07680491551459294,0.07158196134574087,0.06975933031042902,0.07369196757553427,0.26595744680851063,0.20366598778004072,0.2728512960436562,Frame-shift
KEFANRCLSPERVLLQL*,0.09304489416143288,0.22509848058525606,0.2310803004043905,0.1440922190201729,0.28188865398167723,0.15360983102918588,0.14316392269148173,0.13951866062085805,0.14738393515106854,0.5319148936170213,1.6293279022403258,0.5457025920873124,Frame-shift
KEFANRCLSPERVLLQLI*,0.04652244708071644,0.08441193021947102,0.11554015020219525,0.07204610951008646,0.10570824524312897,0.07680491551459294,0.07158196134574087,0.06975933031042902,0.07369196757553427,0.26595744680851063,0.6109979633401221,0.2728512960436562,Frame-shift
KEFANRCLSPERVLLQLKHRQV*,0.04652244708071644,0.16882386043894204,0.11554015020219525,0.07204610951008646,0.21141649048625794,0.07680491551459294,0.07158196134574087,0.06975933031042902,0.07369196757553427,0.26595744680851063,1.2219959266802443,0.2728512960436562,Frame-shift
KEFANRCLSPERVLLQLKI*,0.18608978832286577,0.11254924029262803,0.28885037550548814,0.2881844380403458,0.14094432699083861,0.19201228878648233,0.10737294201861132,0.13951866062085805,0.14738393515106854,1.0638297872340425,0.8146639511201629,0.6821282401091405,Frame-shift
KEFANRCLSPERVLLQLKL*,0.04652244708071644,0.056274620146314014,0.11554015020219525,0.07204610951008646,0.07047216349541931,0.07680491551459294,0.07158196134574087,0.06975933031042902,0.07369196757553427,0.26595744680851063,0.40733197556008144,0.2728512960436562,Frame-shift
KEFANRCLSPERVLLQLKN*,0.04652244708071644,0.028137310073157007,0.11554015020219525,0.07204610951008646,0.07047216349541931,0.07680491551459294,0.07158196134574087,0.06975933031042902,0.07369196757553427,0.26595744680851063,0.20366598778004072,0.2728512960436562,Frame-shift
KEFANRCLSPERVLLQLKQASLKHY,0.04652244708071644,0.028137310073157007,0.11554015020219525,0.07204610951008646,0.07047216349541931,0.07680491551459294,0.07158196134574087,0.06975933031042902,0.07369196757553427,0.26595744680851063,0.20366598778004072,0.2728512960436562,Complex
KEFANRCLSPERVLLQLKY,42.102814608048384,46.76420934158695,45.696129404968225,62.96829971181557,62.01550387596899,64.97695852534562,64.60272011453114,62.67875828392047,64.03831982313928,29.78723404255319,36.252545824847246,37.51705320600273,Wild-type
KEFANRCLSPERVLLQLN*,0.04652244708071644,0.056274620146314014,0.11554015020219525,0.07204610951008646,0.07047216349541931,0.07680491551459294,0.07158196134574087,0.06975933031042902,0.07369196757553427,0.26595744680851063,0.40733197556008144,0.2728512960436562,Frame-shift
KEFANRCLSPERVLLQLNY,20.6559665038381,19.696117051209903,25.41883304448296,0.0,0.0,0.0,0.0,0.0,0.0,0.0,0.0,0.0,Missense
KEFANRCLSPERVLLRLKY,0.7908816003721795,0.3657850309510411,0.8087810514153667,8.069164265129682,8.527131782945736,6.566820276497697,7.909806728704367,9.103592605510986,7.406042741341194,5.585106382978723,2.6476578411405294,1.6371077762619373,Missense
KEFANRCLSPERVLLRSN*,0.04652244708071644,0.028137310073157007,0.11554015020219525,0.07204610951008646,0.07047216349541931,0.07680491551459294,0.07158196134574087,0.06975933031042902,0.07369196757553427,0.26595744680851063,0.20366598778004072,0.2728512960436562,Frame-shift
KEFANRCLSPERVLPQLKY,0.09304489416143288,0.11254924029262803,0.6932409012131715,0.1440922190201729,0.14094432699083861,0.15360983102918588,0.14316392269148173,0.13951866062085805,0.14738393515106854,0.5319148936170213,0.8146639511201629,0.5457025920873124,Missense
KEFANRCLSPKRVLAQLKY,0.04652244708071644,0.028137310073157007,0.11554015020219525,0.07204610951008646,0.07047216349541931,0.07680491551459294,0.07158196134574087,0.06975933031042902,0.07369196757553427,0.26595744680851063,0.20366598778004072,0.2728512960436562,Complex
KEFANRCLSPKRVLLQLKY,0.23261223540358222,0.25323579065841306,0.5777007510109763,0.36023054755043227,0.3523608174770965,0.3840245775729647,0.3579098067287043,0.3487966515521451,0.36845983787767134,1.3297872340425532,1.8329938900203664,1.364256480218281,Missense
KEFANRCLSPQRMLLQLKY,0.04652244708071644,0.056274620146314014,0.11554015020219525,0.07204610951008646,0.07047216349541931,0.07680491551459294,0.07158196134574087,0.06975933031042902,0.07369196757553427,0.26595744680851063,0.40733197556008144,0.2728512960436562,Complex
KEFANRCLSPRKDASSAQI*,0.13956734124214934,0.08441193021947102,0.635470826112074,0.21613832853025938,0.10570824524312897,0.42242703533026116,0.14316392269148173,0.13951866062085805,0.14738393515106854,0.7978723404255319,0.6109979633401221,1.5006821282401093,Frame-shift
KEFANRCLSPRKGAASAQI*,0.09304489416143288,0.19696117051209902,0.5777007510109763,0.1440922190201729,0.24665257223396758,0.38402457757296465,0.14316392269148173,0.24415765608650158,0.14738393515106854,0.5319148936170213,1.4256619144602851,1.364256480218281,Frame-shift
KEFANRCLSPRKGACPAQI*,0.5582693649685974,0.19696117051209902,0.2310803004043905,0.8645533141210375,0.24665257223396758,0.15360983102918588,0.21474588403722264,0.24415765608650158,0.14738393515106854,3.1914893617021276,1.4256619144602851,0.5457025920873124,Frame-shift
KEFANRCLSPRKGAFSAQI*,0.16282856478250757,0.08441193021947102,0.2310803004043905,0.2521613832853026,0.10570824524312897,0.15360983102918588,0.10737294201861132,0.10463899546564352,0.14738393515106854,0.9308510638297872,0.6109979633401221,0.5457025920873124,Frame-shift
KEFANRCLSPRKGASAAQI*,0.20935101186322402,0.19696117051209902,0.6932409012131715,0.3242074927953891,0.24665257223396758,0.4608294930875576,0.14316392269148173,0.13951866062085805,0.14738393515106854,1.196808510638298,1.4256619144602851,1.6371077762619373,Frame-shift
KEFANRCLSPRKGASCPQI*,0.2558734589439404,0.11254924029262803,0.2310803004043905,0.3962536023054755,0.14094432699083861,0.15360983102918588,0.14316392269148173,0.13951866062085805,0.14738393515106854,1.4627659574468086,0.8146639511201629,0.5457025920873124,Frame-shift
KEFANRCLSPRKGASS*,0.1395673412421493,0.14068655036578503,0.34662045060658575,0.21613832853025938,0.21141649048625794,0.2304147465437788,0.2147458840372226,0.20927799093128707,0.22107590272660282,0.7978723404255319,1.0183299389002036,0.8185538881309686,Frame-shift
KEFANRCLSPRKGASSAQI*,0.37217957664573154,0.3657850309510411,1.0398613518197573,0.5763688760806917,0.5285412262156448,0.6912442396313364,0.5726556907659269,0.5231949773282176,0.5895357406042742,2.127659574468085,2.6476578411405294,2.455661664392906,Frame-shift
KEFANRCLSPRKGASSLKY,0.04652244708071644,0.056274620146314014,0.11554015020219525,0.07204610951008646,0.07047216349541931,0.07680491551459294,0.07158196134574087,0.06975933031042902,0.07369196757553427,0.26595744680851063,0.40733197556008144,0.2728512960436562,Reversion
KEFANRCLSPRKGASSQI*,0.04652244708071644,0.056274620146314014,0.11554015020219525,0.07204610951008646,0.07047216349541931,0.07680491551459294,0.07158196134574087,0.06975933031042902,0.07369196757553427,0.26595744680851063,0.40733197556008144,0.2728512960436562,Frame-shift
KEFANRCLSPRKGASSSN*,0.06978367062107467,0.056274620146314014,0.11554015020219525,0.10806916426512969,0.07047216349541931,0.07680491551459294,0.10737294201861132,0.06975933031042902,0.07369196757553427,0.39893617021276595,0.40733197556008144,0.2728512960436562,Frame-shift
KEFANRCLSPRKGASST*,0.09304489416143288,0.11254924029262803,0.2310803004043905,0.1440922190201729,0.14094432699083861,0.15360983102918588,0.14316392269148173,0.13951866062085805,0.14738393515106854,0.5319148936170213,0.8146639511201629,0.8185538881309686,Frame-shift
KEFANRCLSPRKGASSTI*,0.04652244708071644,0.028137310073157007,0.11554015020219525,0.07204610951008646,0.07047216349541931,0.07680491551459294,0.07158196134574087,0.06975933031042902,0.07369196757553427,0.26595744680851063,0.20366598778004072,0.2728512960436562,Frame-shift
KEFANRCLSPRKGASSTKI*,0.3954408001860898,0.7315700619020822,1.270941652224148,0.6123919308357348,0.9513742071881607,0.8448540706605223,0.6084466714387974,0.8719916288803627,0.6632277081798084,2.2606382978723403,5.295315682281059,3.1377899045020463,Frame-shift
KEFANRCLSPRKGASSTKN*,0.09304489416143288,0.19696117051209902,0.34662045060658575,0.1440922190201729,0.24665257223396758,0.2304147465437788,0.14316392269148173,0.24415765608650158,0.2210759027266028,0.5319148936170213,1.4256619144602851,0.8185538881309686,Frame-shift
KEFANRCLSPRKGASSTKTGKFKAL*,0.04652244708071644,0.056274620146314014,0.11554015020219525,0.07204610951008646,0.07047216349541931,0.07680491551459294,0.07158196134574087,0.06975933031042902,0.07369196757553427,0.26595744680851063,0.40733197556008144,0.2728512960436562,Frame-shift
KEFANRCLSPRKGASSTKTQASLKHY,0.04652244708071644,0.028137310073157007,0.11554015020219525,0.07204610951008646,0.07047216349541931,0.07680491551459294,0.07158196134574087,0.06975933031042902,0.07369196757553427,0.26595744680851063,0.20366598778004072,0.2728512960436562,Reversion
KEFANRCLSPRKGASSTKY,0.04652244708071644,0.028137310073157007,0.11554015020219525,0.07204610951008646,0.07047216349541931,0.07680491551459294,0.07158196134574087,0.06975933031042902,0.07369196757553427,0.26595744680851063,0.20366598778004072,0.2728512960436562,Reversion
KEFANRCLSPRKGASSTN*,0.2791346824842987,0.11254924029262803,0.2310803004043905,0.43227665706051877,0.14094432699083861,0.15360983102918588,0.14316392269148173,0.13951866062085805,0.14738393515106854,1.5957446808510638,0.8146639511201629,0.5457025920873124,Frame-shift
KEFANRCLSPRKGASSTQI*,0.20935101186322402,0.28137310073157007,0.5777007510109763,0.3242074927953891,0.3523608174770966,0.3840245775729647,0.21474588403722264,0.3487966515521451,0.2947678703021371,1.1968085106382977,2.0366598778004072,1.364256480218281,Frame-shift
KEFANRCLSPRKGASSTY,0.04652244708071644,0.028137310073157007,0.11554015020219525,0.07204610951008646,0.07047216349541931,0.07680491551459294,0.07158196134574087,0.06975933031042902,0.07369196757553427,0.26595744680851063,0.20366598778004072,0.2728512960436562,Reversion
KEFANRCLSPRKGGPSAQI*,0.06978367062107467,0.19696117051209902,0.5777007510109763,0.10806916426512969,0.24665257223396758,0.38402457757296465,0.14316392269148173,0.13951866062085805,0.14738393515106854,0.39893617021276595,1.4256619144602851,1.364256480218281,Frame-shift
KEFANRCLSPRKGPSSAQI*,0.3023959060246569,0.3376477208778841,0.6354708261120738,0.46829971181556196,0.42283298097251587,0.42242703533026116,0.2863278453829635,0.41855598186257414,0.36845983787767134,1.728723404255319,2.4439918533604885,1.500682128240109,Frame-shift
KEFANRCLSPRKGVSSAQI*,0.16282856478250757,0.14068655036578503,0.462160600808781,0.2521613832853026,0.1761804087385483,0.30721966205837176,0.14316392269148173,0.13951866062085805,0.14738393515106854,0.9308510638297872,1.0183299389002036,1.0914051841746248,Frame-shift
KEFANRCLSPSSAQI*,0.02326122354035822,0.028137310073157007,0.11554015020219525,0.03602305475504323,0.07047216349541931,0.07680491551459294,0.03579098067287043,0.06975933031042902,0.07369196757553427,0.13297872340425532,0.20366598778004072,0.2728512960436562,Frame-shift
